name,title,color,weapon,move,game,type,version,maxDFs,hp,atk,spd,def,res,BST,refresher,other.game
Alfonse,Prince of Askr,Red,Sword,Inf,Heroes,Askr Trio,1,30,43,35,25,32,22,157,No,
Sharena,Princess of Askr,Blue,Lance,Inf,Heroes,Askr Trio,1,30,43,32,32,29,22,158,No,
Anna,Commander,Green,Axe,Inf,Heroes,Askr Trio,1,30,41,29,38,22,28,158,No,
Marth,Altean Prince,Red,Sword,Inf,Shadow Dragon / (New) Mystery,Demote Regular,1,30,41,31,34,29,23,158,No,
Jagen,Veteran Knight,Blue,Lance,Cav,Shadow Dragon / (New) Mystery,Demote Regular,1,25,37,27,24,25,35,148,No,
Cain,The Bull,Red,Sword,Cav,Shadow Dragon / (New) Mystery,Demote Regular,1,25,42,32,32,27,21,154,No,
Abel,The Panther,Blue,Lance,Cav,Shadow Dragon / (New) Mystery,Demote Regular,1,25,39,33,32,25,25,154,No,
Draug,Gentle Giant,Red,Sword,Armor,Shadow Dragon / (New) Mystery,Demote Regular,1,25,50,30,32,39,18,169,No,
Gordin,Altean Archer,Cless,Bow,Inf,Shadow Dragon / (New) Mystery,Demote Regular,1,30,43,31,25,32,17,148,No,
Caeda,Talys's Heart,Red,Sword,Flyer,Shadow Dragon / (New) Mystery,Demote Regular,1,25,36,25,37,24,34,156,No,
Ogma,Loyal Blade,Red,Sword,Inf,Shadow Dragon / (New) Mystery,Demote Regular,1,30,47,35,34,28,13,157,No,
Barst,The Hatchet,Green,Axe,Inf,Shadow Dragon / (New) Mystery,Demote Regular,1,30,46,33,32,30,17,158,No,
Linde,Light Mage,Blue,Tome,Inf,Shadow Dragon / (New) Mystery,Five-star Regular,1,30,35,35,36,14,27,147,No,
Jeorge,Perfect Shot,Cless,Bow,Inf,Shadow Dragon / (New) Mystery,Demote Regular,1,30,37,32,32,24,22,147,No,
Michalis,Ambitious King,Green,Axe,Flyer,Shadow Dragon / (New) Mystery,Grail,1,25,43,34,26,35,19,157,No,
Minerva,Red Dragoon,Green,Axe,Flyer,Shadow Dragon / (New) Mystery,Five-star Regular,1,25,40,31,33,32,22,158,No,
Maria,Minerva's Sister,Cless,Staff,Inf,Shadow Dragon / (New) Mystery,Demote Regular,1,30,36,27,34,19,32,148,No,
Palla,Eldest Whitewing,Red,Sword,Flyer,Shadow Dragon / (New) Mystery,Demote Regular,1,25,42,31,31,28,26,158,No,
Catria,Middle Whitewing,Blue,Lance,Flyer,Shadow Dragon / (New) Mystery,Demote Regular,1,25,39,31,34,29,25,158,No,
Est,Junior Whitewing,Blue,Lance,Flyer,Shadow Dragon / (New) Mystery,Demote Regular,1,25,36,35,30,24,32,157,No,
Merric,Wind Mage,Green,Tome,Inf,Shadow Dragon / (New) Mystery,Demote Regular,1,30,43,26,32,28,19,148,No,
Camus,Sable Knight,Blue,Lance,Cav,Shadow Dragon / (New) Mystery,Grail,1,25,42,32,33,31,17,155,No,
Sheena,Princess of Gra,Green,Axe,Armor,Shadow Dragon / (New) Mystery,Demote Regular,1,25,45,30,25,36,33,169,No,
Tiki,Dragon Scion,Red,Dragon,Inf,Shadow Dragon / (New) Mystery,Five-star Regular,1,30,41,31,30,32,29,163,No,
Navarre,Scarlet Sword,Red,Sword,Inf,Shadow Dragon / (New) Mystery,Grail,1,30,42,31,37,23,24,157,No,
Wrys,Kindly Priest,Cless,Staff,Inf,Shadow Dragon / (New) Mystery,Demote Regular,1,30,42,24,23,22,36,147,No,
Eldigan,Lionheart,Red,Sword,Cav,Genealogy of the Holy War,Five-star Regular,1,25,45,32,24,34,19,154,No,
Lachesis,Lionheart's Sister,Cless,Staff,Inf,Genealogy of the Holy War,Demote Regular,1,30,39,32,25,22,30,148,No,
Seliph,Heir of Light,Red,Sword,Inf,Genealogy of the Holy War,Demote Regular,1,30,47,34,24,30,22,157,No,
Julia,Naga's Blood,Green,Tome,Inf,Genealogy of the Holy War,Five-star Regular,1,30,38,35,26,17,32,148,No,
Reinhardt,Thunder's Fist,Blue,Tome,Cav,Thracia 776,Demote Regular,1,25,38,32,23,27,25,145,No,
Olwen,Blue Mage Knight,Blue,Tome,Cav,Thracia 776,Five-star Regular,1,25,34,26,34,20,30,144,No,
Roy,Young Lion,Red,Sword,Inf,Binding Blade,Demote Regular,1,30,44,30,31,25,28,158,No,
Lilina,Delightful Noble,Red,Tome,Inf,Binding Blade,Demote Regular,1,30,35,37,25,19,31,147,No,
Gwendolyn,Adorable Knight,Blue,Lance,Armor,Binding Blade,Demote Regular,1,25,49,30,24,38,28,169,No,
Raigh,Dark Child,Red,Tome,Inf,Binding Blade,Demote Regular,1,30,36,32,29,22,29,148,No,
Cecilia,Etrurian General,Green,Tome,Cav,Binding Blade,Demote Regular,1,25,36,32,25,22,29,144,No,
Klein,Silver Nobleman,Cless,Bow,Inf,Binding Blade,Demote Regular,1,30,40,31,33,20,24,148,No,
Clarine,Refined Noble,Cless,Staff,Cav,Binding Blade,Demote Regular,1,25,35,25,33,22,29,144,No,
Zephiel,The Liberator,Red,Sword,Armor,Binding Blade,Grail,1,25,55,35,16,38,24,168,No,
Narcian,Wyvern General,Green,Axe,Flyer,Binding Blade,Grail,1,25,42,29,29,32,26,158,No,
Shanna,Sprightly Flier,Blue,Lance,Flyer,Binding Blade,Demote Regular,1,25,39,30,35,25,29,158,No,
Bartre,Fearless Warrior,Green,Axe,Inf,Binding Blade,Demote Regular,1,30,49,36,25,33,13,156,No,
Fir,Sword Student,Red,Sword,Inf,Binding Blade,Demote Regular,1,30,41,25,36,24,31,157,No,
Sophia,Nabata Prophet,Red,Tome,Inf,Binding Blade,Demote Regular,1,30,40,33,19,28,29,149,No,
Fae,Divine Dragon,Green,Dragon,Inf,Binding Blade,Demote Regular,1,30,46,33,28,25,30,162,No,
Eliwood,Knight of Lycia,Red,Sword,Cav,Blazing Blade,Demote Regular,1,25,39,31,30,23,32,155,No,
Lyn,Lady of the Plains,Red,Sword,Inf,Blazing Blade,Five-star Regular,1,30,37,28,37,26,29,157,No,
Hector,General of Ostia,Green,Axe,Armor,Blazing Blade,Five-star Regular,1,25,52,36,24,37,19,168,No,
Matthew,Faithful Spy,Cless,Dagger,Inf,Blazing Blade,Demote Regular,1,30,41,25,34,30,18,148,No,
Serra,Outspoken Cleric,Cless,Staff,Inf,Blazing Blade,Demote Regular,1,30,33,30,31,21,33,148,No,
Raven,Peerless Fighter,Green,Axe,Inf,Blazing Blade,Demote Regular,1,30,41,34,35,25,22,157,No,
Florina,Lovely Flier,Blue,Lance,Flyer,Blazing Blade,Demote Regular,1,25,42,29,27,25,34,157,No,
Hawkeye,Desert Guardian,Green,Axe,Inf,Blazing Blade,Demote Regular,1,30,45,33,22,28,30,158,No,
Ursula,Blue Crow,Blue,Tome,Cav,Blazing Blade,Grail,1,25,35,29,32,19,30,145,No,
Nino,Pious Mage,Green,Tome,Inf,Blazing Blade,Demote Regular,1,30,33,33,36,19,26,147,No,
Eirika,Restoration Lady,Red,Sword,Inf,Sacred Stones,Demote Regular,1,30,42,26,35,26,28,157,No,
Ephraim,Restoration Lord,Blue,Lance,Inf,Sacred Stones,Five-star Regular,1,30,45,35,25,32,20,157,No,
Sanaki,Begnion's Apostle,Red,Tome,Inf,Radiant Dawn,Five-star Regular,1,30,33,37,26,17,34,147,No,
Chrom,Exalted Prince,Red,Sword,Inf,Awakening,Demote Regular,1,30,47,37,25,31,17,157,No,
Robin,High Deliverer,Blue,Tome,Inf,Awakening,Demote Regular,1,30,40,29,29,29,22,149,No,
Robin,Mystery Tactician,Green,Tome,Inf,Awakening,Grail,1,30,40,29,29,29,22,149,No,
Lissa,Sprightly Cleric,Cless,Staff,Inf,Awakening,Demote Regular,1,30,39,26,25,28,30,148,No,
Frederick,Polite Knight,Green,Axe,Cav,Awakening,Demote Regular,1,25,43,35,25,36,14,153,No,
Sully,Crimson Knight,Blue,Lance,Cav,Awakening,Demote Regular,1,25,42,26,34,24,28,154,No,
Stahl,Viridian Knight,Red,Sword,Cav,Awakening,Demote Regular,1,25,45,31,26,30,22,154,No,
Cordelia,Knight Paragon,Blue,Lance,Flyer,Awakening,Demote Regular,1,25,40,35,35,22,25,157,No,
Gaius,Candy Stealer,Cless,Dagger,Inf,Awakening,Demote Regular,1,30,42,29,36,22,19,148,No,
Donnel,Village Hero,Blue,Lance,Inf,Awakening,Demote Regular,1,30,43,35,29,32,23,162,No,
Lon'qu,Solitary Blade,Red,Sword,Inf,Awakening,Demote Regular,1,30,45,29,39,22,22,157,No,
Olivia,Blushing Beauty,Red,Sword,Inf,Awakening,Demote Regular,1,30,36,28,33,27,26,150,Yes,
Henry,Twisted Mind,Red,Tome,Inf,Awakening,Demote Regular,1,30,45,23,22,32,25,147,No,
Tharja,Dark Shadow,Red,Tome,Inf,Awakening,Demote Regular,1,30,39,32,34,23,20,148,No,
Virion,Elite Archer,Cless,Bow,Inf,Awakening,Demote Regular,1,30,46,31,31,26,13,147,No,
Cherche,Wyvern Friend,Green,Axe,Flyer,Awakening,Demote Regular,1,25,46,38,25,32,16,157,No,
Tiki,Naga's Voice,Red,Dragon,Inf,Awakening,Demote Regular,1,30,40,35,23,35,24,157,No,
Nowi,Eternal Youth,Blue,Dragon,Inf,Awakening,Demote Regular,1,30,45,34,27,30,27,163,No,
Lucina,Future Witness,Red,Sword,Inf,Awakening,Five-star Regular,1,30,43,34,36,25,19,157,No,
Corrin,Fateful Prince,Red,Sword,Inf,Fates,Demote Regular,1,30,42,32,32,28,24,158,No,
Corrin,Fateful Princess,Blue,Dragon,Inf,Fates,Demote Regular,1,30,41,27,34,34,21,157,No,
Azura,Lady of the Lake,Blue,Lance,Inf,Fates,Five-star Regular,1,30,36,31,33,21,28,149,Yes,
Gunter,Inveterate Soldier,Green,Axe,Cav,Fates,Demote Regular,1,25,43,32,24,33,18,150,No,
Felicia,Maid Mayhem,Cless,Dagger,Inf,Fates,Demote Regular,1,30,34,23,37,18,35,147,No,
Jakob,Devoted Servant,Cless,Dagger,Inf,Fates,Demote Regular,1,30,39,29,31,25,24,148,No,
Ryoma,Peerless Samurai,Red,Sword,Inf,Fates,Five-star Regular,1,30,41,34,35,27,21,158,No,
Saizo,Angry Ninja,Cless,Dagger,Inf,Fates,Demote Regular,1,30,36,29,34,33,16,148,No,
Kagero,Honorable Ninja,Cless,Dagger,Inf,Fates,Demote Regular,1,30,31,35,32,22,28,148,No,
Hinoka,Warrior Princess,Blue,Lance,Flyer,Fates,Five-star Regular,1,25,41,35,32,25,24,157,No,
Azama,Carefree Monk,Cless,Staff,Inf,Fates,Demote Regular,1,30,43,21,26,32,25,147,No,
Setsuna,Absent Archer,Cless,Bow,Inf,Fates,Demote Regular,1,30,37,28,37,22,23,147,No,
Takumi,Wild Card,Cless,Bow,Inf,Fates,Five-star Regular,1,30,40,32,33,25,18,148,No,
Hinata,Wild Samurai,Red,Sword,Inf,Fates,Demote Regular,1,30,47,32,24,36,18,157,No,
Oboro,Fierce Fighter,Blue,Lance,Inf,Fates,Demote Regular,1,30,40,32,26,35,24,157,No,
Sakura,Loving Priestess,Cless,Staff,Inf,Fates,Demote Regular,1,30,36,28,30,24,30,148,No,
Hana,Focused Samurai,Red,Sword,Inf,Fates,Demote Regular,1,30,37,35,36,23,26,157,No,
Subaki,Perfect Expert,Blue,Lance,Flyer,Fates,Demote Regular,1,25,40,25,35,35,22,157,No,
Xander,Paragon Knight,Red,Sword,Cav,Fates,Grail,1,25,44,32,24,37,17,154,No,
Laslow,Dancing Duelist,Red,Sword,Inf,Fates,Demote Regular,1,30,44,35,26,30,22,157,No,
Peri,Playful Slayer,Blue,Lance,Cav,Fates,Demote Regular,1,25,35,33,33,23,30,154,No,
Camilla,Bewitching Beauty,Green,Axe,Flyer,Fates,Demote Regular,1,25,37,30,32,28,31,158,No,
Selena,Cutting Wit,Red,Sword,Inf,Fates,Demote Regular,1,30,37,25,35,32,28,157,No,
Beruka,Quiet Assassin,Green,Axe,Flyer,Fates,Demote Regular,1,25,46,29,23,37,22,157,No,
Leo,Sorcerous Prince,Red,Tome,Cav,Fates,Five-star Regular,1,25,39,29,22,25,30,145,No,
Odin,Potent Force,Blue,Tome,Inf,Fates,Demote Regular,1,30,43,22,32,25,25,147,No,
Niles,Cruel to Be Kind,Cless,Bow,Inf,Fates,Demote Regular,1,30,37,25,34,17,34,147,No,
Elise,Budding Flower,Cless,Staff,Cav,Fates,Five-star Regular,1,25,30,32,32,19,32,145,No,
Arthur,Hapless Hero,Green,Axe,Inf,Fates,Demote Regular,1,30,43,32,29,30,24,158,No,
Effie,Army of One,Blue,Lance,Armor,Fates,Demote Regular,1,25,50,40,22,33,23,168,No,
Lucius,The Light,Cless,Staff,Inf,Blazing Blade,Demote Regular,1.01,30,37,32,30,13,35,147,No,
Rebecca,Wildflower,Cless,Bow,Inf,Blazing Blade,Demote Regular,1.01,30,37,29,34,21,27,148,No,
Priscilla,Delicate Princess,Cless,Staff,Cav,Blazing Blade,Demote Regular,1.01,25,36,29,29,19,32,145,No,
Karel,Sword Demon,Red,Sword,Inf,Blazing Blade,Five-star Regular,1.01,30,47,30,35,25,20,157,No,
Ninian,Oracle of Destiny,Blue,Dragon,Inf,Blazing Blade,Five-star Regular,1.01,30,42,24,33,23,27,149,Yes,
Jaffar,Angel of Death,Cless,Dagger,Inf,Blazing Blade,Five-star Regular,1.01,30,41,26,33,25,22,147,No,
Chrom,Spring Exalt,Green,Axe,Inf,Awakening,Seasonal,1.01,30,43,35,32,28,20,158,No,
Lucina,Spring Exalt,Blue,Tome,Inf,Awakening,Seasonal,1.01,30,35,29,36,22,25,147,No,
Xander,Spring Prince,Blue,Lance,Cav,Fates,Seasonal,1.01,25,40,25,28,35,26,154,No,
Camilla,Spring Princess,Green,Tome,Flyer,Fates,Seasonal,1.01,25,39,35,25,30,19,148,No,
Alm,Hero of Prophecy,Red,Sword,Inf,Echoes: Shadows of Valentia,Five-star Regular,1.02,30,45,33,30,28,22,158,No,
Lukas,Sharp Soldier,Blue,Lance,Inf,Echoes: Shadows of Valentia,Demote Regular,1.02,30,45,35,22,38,17,157,No,
Faye,Devoted Heart,Cless,Bow,Inf,Echoes: Shadows of Valentia,Five-star Regular,1.02,30,42,30,25,26,31,154,No,
Clair,Highborn Flier,Blue,Lance,Flyer,Echoes: Shadows of Valentia,Demote Regular,1.02,25,37,26,36,24,33,156,No,
Ike,Young Mercenary,Red,Sword,Inf,Path of Radiance,Five-star Regular,1.02,30,42,35,31,32,18,158,No,
Titania,Mighty Mercenary,Green,Axe,Cav,Path of Radiance,Demote Regular,1.02,25,37,28,34,25,30,154,No,
Soren,Shrewd Strategist,Green,Tome,Inf,Path of Radiance,Demote Regular,1.02,30,36,33,33,17,29,148,No,
Mist,Helpful Sister,Cless,Staff,Inf,Path of Radiance,Five-star Regular,1.02,30,39,27,28,20,34,148,No,
Caeda,Talys's Bride,Blue,Tome,Inf,Shadow Dragon / (New) Mystery,Seasonal,1.03,30,33,29,37,19,30,148,No,
Celica,Caring Princess,Red,Tome,Inf,Echoes: Shadows of Valentia,Five-star Regular,1.03,30,39,32,33,22,22,148,No,
Mae,Bundle of Energy,Blue,Tome,Inf,Echoes: Shadows of Valentia,Demote Regular,1.03,30,35,36,31,16,30,148,No,
Boey,Skillful Survivor,Green,Tome,Inf,Echoes: Shadows of Valentia,Demote Regular,1.03,30,43,29,27,32,18,149,No,
Genny,Endearing Ally,Cless,Staff,Inf,Echoes: Shadows of Valentia,Five-star Regular,1.03,30,32,35,25,21,34,147,No,
Lyn,Bride of the Plains,Cless,Staff,Inf,Blazing Blade,Seasonal,1.03,30,39,28,34,23,24,148,No,
Lloyd,White Wolf,Red,Sword,Inf,Blazing Blade,Grail,1.03,30,41,32,35,20,30,158,No,
Cordelia,Perfect Bride,Cless,Bow,Inf,Awakening,Seasonal,1.03,30,36,35,35,19,22,147,No,
Charlotte,Money Maiden,Blue,Lance,Inf,Fates,Seasonal,1.03,30,46,36,32,24,19,157,No,
Luke,Rowdy Squire,Red,Sword,Cav,Shadow Dragon / (New) Mystery,Five-star Regular,1.04,25,43,34,28,30,20,155,No,
Roderick,Steady Squire,Blue,Lance,Cav,Shadow Dragon / (New) Mystery,Demote Regular,1.04,25,40,31,34,25,24,154,No,
Katarina,Wayward One,Red,Tome,Inf,Shadow Dragon / (New) Mystery,Five-star Regular,1.04,30,34,32,34,15,32,147,No,
Clarisse,Sniper in the Dark,Cless,Bow,Inf,Shadow Dragon / (New) Mystery,Grail,1.04,30,37,31,34,25,20,147,No,
Legion,Masked Maniac,Green,Axe,Inf,Shadow Dragon / (New) Mystery,Grail,1.04,30,46,36,35,22,18,157,No,
Athena,Borderland Sword,Red,Sword,Inf,Shadow Dragon / (New) Mystery,Demote Regular,1.04,30,36,31,38,27,24,156,No,
Robin,Seaside Tactician,Blue,Lance,Inf,Awakening,Seasonal,1.04,30,35,32,34,28,29,158,No,
Frederick,Horizon Watcher,Cless,Dagger,Inf,Awakening,Seasonal,1.04,30,40,32,31,28,18,149,No,
Gaius,Thief Exposed,Cless,Bow,Inf,Awakening,Seasonal,1.04,30,34,30,37,19,28,148,No,
Tiki,Summering Scion,Green,Axe,Inf,Awakening,Seasonal,1.04,30,35,36,30,32,24,157,No,
Marth,Enigmatic Blade,Red,Sword,Inf,Awakening,Grail,1.04,30,43,34,36,25,19,157,No,
Gray,Wry Comrade,Red,Sword,Inf,Echoes: Shadows of Valentia,Five-star Regular,1.05,30,43,35,32,30,22,162,No,
Tobin,The Clueless One,Red,Sword,Inf,Echoes: Shadows of Valentia,Grail,1.05,30,46,31,27,33,26,163,No,
Clive,Idealistic Knight,Blue,Lance,Cav,Echoes: Shadows of Valentia,Grail,1.05,25,45,33,25,32,19,154,No,
Saber,Driven Mercenary,Red,Sword,Inf,Echoes: Shadows of Valentia,Five-star Regular,1.05,30,40,31,33,32,22,158,No,
Leon,True of Heart,Cless,Bow,Inf,Echoes: Shadows of Valentia,Demote Regular,1.05,30,39,34,30,30,15,148,No,
Mathilda,Legendary Knight,Blue,Lance,Cav,Echoes: Shadows of Valentia,Demote Regular,1.05,25,35,29,32,24,34,154,No,
Delthea,Free Spirit,Blue,Tome,Inf,Echoes: Shadows of Valentia,Five-star Regular,1.05,30,33,36,34,13,31,147,No,
Sonya,Vengeful Mage,Green,Tome,Inf,Echoes: Shadows of Valentia,Five-star Regular,1.05,30,36,33,31,15,32,147,No,
Berkut,Prideful Prince,Blue,Lance,Cav,Echoes: Shadows of Valentia,Grail,1.05,25,43,34,22,31,24,154,No,
Corrin,Novice Vacationer,Blue,Tome,Flyer,Fates,Seasonal,1.05,25,34,31,34,22,26,147,No,
Xander,Student Swimmer,Green,Axe,Inf,Fates,Seasonal,1.05,30,43,32,30,36,16,157,No,
Leo,Seashore's Prince,Red,Tome,Inf,Fates,Seasonal,1.05,30,37,32,27,16,35,147,No,
Elise,Tropical Flower,Green,Tome,Inf,Fates,Seasonal,1.05,30,34,36,34,18,25,147,No,
Roy,Brave Lion,Red,Sword,Cav,Binding Blade,Brave,1.06,25,38,32,34,26,24,154,No,
Lyn,Brave Lady,Cless,Bow,Cav,Blazing Blade,Brave,1.06,25,35,33,35,18,28,149,No,
Seth,Silver Knight,Red,Sword,Cav,Sacred Stones,Demote Regular,1.06,25,37,32,31,32,22,154,No,
Innes,Regal Strategician,Cless,Bow,Inf,Sacred Stones,Five-star Regular,1.06,30,35,33,34,14,31,147,No,
Tana,Winged Princess,Blue,Lance,Flyer,Sacred Stones,Five-star Regular,1.06,25,36,34,36,25,25,156,No,
Valter,Dark Moonstone,Blue,Lance,Flyer,Sacred Stones,Grail,1.06,25,42,32,31,34,19,158,No,
Amelia,Rose of the War,Green,Axe,Armor,Sacred Stones,Five-star Regular,1.06,25,47,34,34,35,23,173,No,
Ike,Brave Mercenary,Green,Axe,Inf,Path of Radiance,Brave,1.06,30,43,36,28,35,20,162,No,
Lucina,Brave Princess,Blue,Lance,Inf,Awakening,Brave,1.06,30,41,34,36,27,19,157,No,
Oscar,Agile Horseman,Blue,Lance,Cav,Path of Radiance,Demote Regular,1.07,25,40,33,34,26,21,154,No,
Elincia,Lost Princess,Red,Sword,Flyer,Path of Radiance,Five-star Regular,1.07,25,35,34,36,24,27,156,No,
Nephenee,Fierce Halberdier,Blue,Lance,Inf,Path of Radiance,Five-star Regular,1.07,30,37,31,35,34,20,157,No,
Black Knight,Sinister General,Red,Sword,Armor,Path of Radiance,Grail,1.07,25,48,34,34,35,18,169,No,
Olivia,Festival Dancer,Cless,Dagger,Inf,Awakening,Seasonal,1.07,30,34,28,34,16,28,140,Yes,
Inigo,Indigo Dancer,Green,Tome,Inf,Awakening,Seasonal,1.07,30,37,28,33,22,20,140,Yes,
Azura,Lady of Ballads,Green,Axe,Inf,Fates,Seasonal,1.07,30,35,32,34,20,28,149,Yes,
Shigure,Dark Sky Singer,Blue,Tome,Inf,Fates,Seasonal,1.07,30,34,31,29,21,24,139,Yes,
Sigurd,Holy Knight,Red,Sword,Cav,Genealogy of the Holy War,Five-star Regular,1.08,25,41,35,32,34,17,159,No,
Arden,Strong and Tough,Red,Sword,Armor,Genealogy of the Holy War,Grail,1.08,25,60,36,16,41,16,169,No,
Arvis,Emperor of Flame,Red,Tome,Inf,Genealogy of the Holy War,Grail,1.08,30,33,34,31,17,33,148,No,
Tailtiu,Thunder Noble,Blue,Tome,Inf,Genealogy of the Holy War,Demote Regular,1.08,30,39,32,35,17,25,148,No,
Ayra,Astra's Wielder,Red,Sword,Inf,Genealogy of the Holy War,Five-star Regular,1.08,30,41,33,37,31,21,163,No,
Deirdre,Lady of the Forest,Green,Tome,Inf,Genealogy of the Holy War,Five-star Regular,1.08,30,36,33,28,16,35,148,No,
Henry,Happy Vampire,Green,Tome,Armor,Awakening,Seasonal,1.08,25,36,33,34,26,36,165,No,
Nowi,Eternal Witch,Red,Tome,Flyer,Awakening,Seasonal,1.08,25,34,34,32,20,27,147,No,
Jakob,Devoted Monster,Cless,Bow,Armor,Fates,Seasonal,1.08,25,42,35,23,33,32,165,No,
Sakura,Gentle Nekomata,Cless,Dagger,Inf,Fates,Seasonal,1.08,30,33,32,34,14,34,147,No,
Dorcas,Serene Warrior,Green,Axe,Inf,Blazing Blade,Five-star Regular,1.08,30,45,35,23,35,24,162,No,
Lute,Prodigy,Blue,Tome,Inf,Sacred Stones,Five-star Regular,1.08,30,33,36,32,16,34,151,No,
Joshua,Tempest King,Red,Sword,Inf,Sacred Stones,Grail,1.08,30,40,31,35,30,28,164,No,
Mia,Lady of Blades,Red,Sword,Inf,Path of Radiance,Five-star Regular,1.08,30,38,32,40,28,25,163,No,
Fjorm,Princess of Ice,Blue,Lance,Inf,Heroes,Legendary,2,30,39,30,31,30,34,164,No,
Gunnthra,Voice of Dreams,Green,Tome,Cav,Heroes,Legendary,2,25,37,31,33,19,25,145,No,
Chrom,Gifted Leader,Green,Axe,Armor,Awakening,Seasonal,2,25,51,40,19,35,29,174,No,
Robin,Festive Tactician,Blue,Lance,Armor,Awakening,Seasonal,2,25,45,35,34,35,25,174,No,
Lissa,Pure Joy,Green,Axe,Armor,Awakening,Seasonal,2,25,43,33,30,35,34,175,No,
Tharja,"""Normal Girl""",Red,Tome,Armor,Awakening,Seasonal,2,25,43,34,18,34,36,165,No,
Corrin,Enjoying Tradition,Cless,Bow,Inf,Fates,Grail,2,30,37,32,30,34,18,151,No,
Azura,Celebratory Spirit,Green,Axe,Flyer,Fates,Seasonal,2,25,37,30,35,22,26,150,Yes,
Takumi,Prince of Soup,Cless,Dagger,Inf,Fates,Seasonal,2,30,40,34,34,17,27,152,No,
Camilla,Holiday Traveler,Red,Sword,Flyer,Fates,Seasonal,2,25,40,33,35,31,23,162,No,
Shiro,Raw Talent,Blue,Lance,Inf,Fates,Five-star Regular,2,30,41,35,30,35,22,163,No,
Rhajat,Black Magician,Green,Tome,Inf,Fates,Five-star Regular,2,30,36,35,34,21,24,150,No,
Siegbert,Future King,Red,Sword,Cav,Fates,Five-star Regular,2,25,41,34,35,31,16,157,No,
Soleil,Adorable Adorer,Red,Sword,Inf,Fates,Demote Regular,2,30,37,38,35,28,24,162,No,
Eirika,Anamnesis Lady,Red,Tome,Cav,Sacred Stones,Five-star Regular,2.01,25,36,31,35,20,22,144,No,
Lyon,Shadow Prince,Red,Tome,Inf,Sacred Stones,Grail,2.01,30,41,34,21,26,30,152,No,
Marisa,Crimson Flash,Red,Sword,Inf,Sacred Stones,Grail,2.01,30,46,30,36,30,21,163,No,
L'Arachel,Princess of Light,Blue,Tome,Cav,Sacred Stones,Demote Regular,2.01,25,33,33,31,17,31,145,No,
Myrrh,Great Dragon,Green,Dragon,Flyer,Sacred Stones,Five-star Regular,2.01,25,42,33,25,36,31,167,No,
Micaiah,Priestess of Dawn,Blue,Tome,Inf,Radiant Dawn,Five-star Regular,2.01,30,35,35,28,18,35,151,No,
Sothe,Zephyr,Cless,Dagger,Inf,Radiant Dawn,Demote Regular,2.01,30,39,36,33,22,21,151,No,
Ike,Vanguard Legend,Red,Sword,Inf,Radiant Dawn,Legendary,2.01,30,41,36,30,35,21,163,No,
Zelgius,Jet-Black General,Red,Sword,Armor,Radiant Dawn,Five-star Regular,2.01,25,46,36,33,38,21,174,No,
Oliver,Admirer of Beauty,Blue,Tome,Inf,Radiant Dawn,Grail,2.01,30,42,32,20,23,34,151,No,
Hardin,Dark Emperor,Blue,Lance,Armor,Shadow Dragon / (New) Mystery,Five-star Regular,2.02,25,45,34,28,36,32,175,No,
Celica,Imprisoned Soul,Red,Sword,Inf,Echoes: Shadows of Valentia,Five-star Regular,2.02,30,40,35,35,27,26,163,No,
Roy,Youthful Gifts,Cless,Bow,Cav,Binding Blade,Seasonal,2.02,25,34,35,19,27,30,145,No,
Lilina,Blush of Youth,Green,Tome,Cav,Binding Blade,Seasonal,2.02,25,34,35,30,20,26,145,No,
Eliwood,Devoted Love,Blue,Lance,Armor,Blazing Blade,Grail,2.02,25,47,38,32,29,29,175,No,
Lyn,Wind's Embrace,Blue,Tome,Armor,Blazing Blade,Seasonal,2.02,25,37,31,36,27,34,165,No,
Hector,Just Here to Fight,Green,Axe,Armor,Blazing Blade,Seasonal,2.02,25,50,38,21,40,24,173,No,
Ephraim,Legendary Lord,Blue,Lance,Cav,Sacred Stones,Legendary,2.02,25,43,36,27,33,18,157,No,
Robin,Fell Reincarnation,Green,Dragon,Armor,Awakening,Five-star Regular,2.02,25,48,40,24,35,27,174,No,
Takumi,Empty Vessel,Cless,Bow,Inf,Fates,Grail,2.02,30,37,31,34,25,24,151,No,
Alfonse,Spring Prince,Green,Axe,Cav,Heroes,Seasonal,2.03,25,41,35,33,30,18,157,No,
Sharena,Spring Princess,Green,Tome,Inf,Heroes,Seasonal,2.03,30,37,32,36,16,30,151,No,
Catria,Spring Whitewing,Blue,Tome,Cav,Shadow Dragon / (New) Mystery,Seasonal,2.03,25,36,32,35,18,23,144,No,
Chrom,Knight Exalt,Red,Sword,Cav,Awakening,Five-star Regular,2.03,25,41,37,28,34,17,157,No,
Robin,Fell Vessel,Cless,Dragon,Flyer,Awakening,Legendary,2.03,25,40,32,35,30,25,162,No,
Gerome,Masked Rider,Green,Axe,Flyer,Awakening,Grail,2.03,25,45,38,25,34,19,161,No,
Morgan,Lad from Afar,Red,Tome,Inf,Awakening,Demote Regular,2.03,30,37,33,34,20,26,150,No,
Morgan,Lass from Afar,Blue,Tome,Flyer,Awakening,Five-star Regular,2.03,25,37,34,30,16,33,150,No,
Kagero,Spring Ninja,Cless,Dagger,Flyer,Fates,Seasonal,2.03,25,36,35,34,18,27,150,No,
Leif,Prince of Leonster,Red,Sword,Inf,Thracia 776,Five-star Regular,2.04,30,40,32,38,30,23,163,No,
Finn,Lance of Legend,Blue,Lance,Cav,Thracia 776,Grail,2.04,25,40,34,33,32,18,157,No,
Nanna,Nordion Princess,Cless,Staff,Cav,Thracia 776,Demote Regular,2.04,25,36,27,34,21,26,144,No,
Reinhardt,Thunder's Sword,Red,Sword,Cav,Thracia 776,Five-star Regular,2.04,25,40,35,23,31,28,157,No,
Olwen,Righteous Knight,Green,Tome,Cav,Thracia 776,Five-star Regular,2.04,25,34,30,35,19,27,145,No,
Saias,Bishop of Flame,Blue,Tome,Inf,Thracia 776,Grail,2.04,30,36,33,30,18,34,151,No,
Lyn,Lady of the Wind,Green,Bow,Inf,Blazing Blade,Legendary,2.04,30,36,31,36,21,27,151,No,
Hinoka,Blue Sky Warrior,Cless,Bow,Flyer,Fates,Five-star Regular,2.04,25,37,32,35,17,29,150,No,
Kaze,Easygoing Ninja,Cless,Dagger,Inf,Fates,Demote Regular,2.04,30,34,30,36,17,34,151,No,
Kana,Dragon Spawn,Blue,Dragon,Inf,Fates,Grail,2.04,30,40,31,33,31,29,164,No,
Kana,Dragon Princess,Green,Dragon,Inf,Fates,Five-star Regular,2.04,30,40,30,34,33,26,163,No,
Shigure,Uplifting Artist,Blue,Lance,Flyer,Fates,Demote Regular,2.04,25,40,33,37,27,25,162,No,
Marth,Altean Groom,Green,Axe,Cav,Shadow Dragon / (New) Mystery,Grail,2.05,25,40,31,36,30,20,157,No,
Ares,Black Knight,Red,Sword,Cav,Genealogy of the Holy War,Demote Regular,2.05,25,40,36,30,33,18,157,No,
Lene,Yearning Dancer,Red,Sword,Inf,Genealogy of the Holy War,Five-star Regular,2.05,30,35,28,35,23,28,149,Yes,
Julius,Scion of Darkness,Red,Tome,Inf,Genealogy of the Holy War,Grail,2.05,30,38,35,27,16,35,151,No,
Ishtar,Thunder Goddess,Blue,Tome,Inf,Genealogy of the Holy War,Five-star Regular,2.05,30,38,34,36,17,26,151,No,
Ninian,Bright-Eyed Bride,Blue,Tome,Flyer,Blazing Blade,Seasonal,2.05,25,34,28,33,18,27,140,Yes,
Sanaki,Apostle in White,Green,Tome,Flyer,Path of Radiance,Seasonal,2.05,25,35,36,30,16,33,150,No,
Tharja,Obsessive Bride,Red,Tome,Inf,Awakening,Seasonal,2.05,30,39,35,35,21,21,151,No,
Ryoma,Supreme Samurai,Red,Sword,Flyer,Fates,Legendary,2.05,25,41,34,39,28,20,162,No,
Hector,Marquess of Ostia,Green,Axe,Armor,Blazing Blade,Legendary,2.06,25,47,40,23,38,26,174,No,
Canas,Wisdom Seeker,Red,Tome,Inf,Blazing Blade,Grail,2.06,30,36,32,29,21,33,151,No,
Karla,Sword Vassal,Red,Sword,Inf,Blazing Blade,Five-star Regular,2.06,30,42,35,40,23,22,162,No,
Linus,Mad Dog,Green,Axe,Inf,Blazing Blade,Grail,2.06,30,42,37,33,32,19,163,No,
Nino,Pale Flower,Green,Tome,Flyer,Blazing Blade,Five-star Regular,2.06,25,36,33,38,17,25,149,No,
Legault,The Hurricane,Cless,Dagger,Inf,Blazing Blade,Demote Regular,2.06,30,39,31,38,24,19,151,No,
Innes,Flawless Form,Green,Axe,Flyer,Sacred Stones,Seasonal,2.06,25,42,33,37,30,20,162,No,
Tana,Noble and Nimble,Red,Tome,Flyer,Sacred Stones,Seasonal,2.06,25,35,33,36,20,25,149,No,
Cordelia,Knight Paradise,Blue,Lance,Cav,Awakening,Seasonal,2.06,25,41,32,38,28,18,157,No,
Noire,Shade Seeker,Cless,Bow,Inf,Awakening,Seasonal,2.06,30,36,32,36,27,20,151,No,
Linde,Summer Rays,Cless,Dagger,Cav,Shadow Dragon / (New) Mystery,Seasonal,2.07,25,33,34,35,16,26,144,No,
Tiki,Beachside Scion,Red,Dragon,Flyer,Shadow Dragon / (New) Mystery,Seasonal,2.07,25,40,33,37,32,26,168,No,
Sumia,Maid of Flowers,Blue,Lance,Flyer,Awakening,Five-star Regular,2.07,25,39,30,39,29,25,162,No,
Maribelle,Dire Damsel,Cless,Staff,Cav,Awakening,Five-star Regular,2.07,25,34,35,33,16,27,145,No,
Libra,Fetching Friar,Green,Axe,Inf,Awakening,Demote Regular,2.07,30,40,35,32,28,29,164,No,
Olivia,Sky-High Dancer,Red,Sword,Flyer,Awakening,Five-star Regular,2.07,25,36,30,34,26,23,149,Yes,
Walhart,The Conqueror,Green,Axe,Cav,Awakening,Grail,2.07,25,41,37,27,36,16,157,No,
Lucina,Glorious Archer,Blue,Bow,Inf,Awakening,Legendary,2.07,30,36,34,35,25,20,150,No,
Takumi,Prince at Play,Cless,Bow,Flyer,Fates,Seasonal,2.07,25,40,35,35,21,19,150,No,
Camilla,Tropical Beauty,Blue,Tome,Flyer,Fates,Seasonal,2.07,25,39,33,36,23,19,150,No,
Veronica,Brave Princess,Cless,Staff,Cav,Heroes,Brave,2.08,25,36,32,36,21,19,144,No,
Marth,Hero-King,Red,Sword,Inf,Shadow Dragon / (New) Mystery,Legendary,2.08,30,40,34,36,32,21,163,No,
Celica,Warrior Priestess,Red,Sword,Inf,Echoes: Shadows of Valentia,Brave,2.08,30,38,33,39,29,24,163,No,
Jamke,Prince of Verdane,Cless,Bow,Inf,Genealogy of the Holy War,Grail,2.08,30,38,36,32,29,17,152,No,
Hector,Brave Warrior,Blue,Lance,Armor,Blazing Blade,Brave,2.08,25,48,37,22,39,28,174,No,
Ephraim,Sacred Twin Lord,Green,Axe,Armor,Sacred Stones,Brave,2.08,25,46,38,27,37,26,174,No,
Micaiah,Summer's Dawn,Red,Tome,Inf,Radiant Dawn,Seasonal,2.08,30,33,34,20,18,34,139,Yes,
Elincia,Estival Princess,Green,Dagger,Inf,Radiant Dawn,Seasonal,2.08,30,34,29,35,20,21,139,Yes,
Ryoma,Dancing Samurai,Blue,Dagger,Inf,Fates,Seasonal,2.08,30,36,32,34,21,17,140,Yes,
Xander,Dancing Knight,Cless,Dagger,Inf,Fates,Seasonal,2.08,30,38,35,17,34,16,140,Yes,
Laegjarn,Sheathed Steel,Red,Sword,Flyer,Heroes,Five-star Regular,2.09,25,41,32,36,36,17,162,No,
Laevatein,Searing Steel,Red,Sword,Inf,Heroes,Five-star Regular,2.09,30,39,37,31,34,22,163,No,
Helbindi,Savage Scourge,Green,Axe,Inf,Heroes,Five-star Regular,2.09,30,44,35,18,35,31,163,No,
Tiki,Legendary Dragon,Blue,Dragon,Armor,Shadow Dragon / (New) Mystery,Legendary,2.09,25,45,34,35,37,29,180,No,
Quan,Luminous Lancer,Blue,Lance,Cav,Genealogy of the Holy War,Five-star Regular,2.09,25,44,37,29,31,16,157,No,
Ethlyn,Spirited Princess,Cless,Staff,Cav,Genealogy of the Holy War,Grail,2.09,25,38,28,34,26,20,146,No,
Lewyn,Guiding Breeze,Green,Tome,Inf,Genealogy of the Holy War,Five-star Regular,2.09,30,38,34,37,17,25,151,No,
Silvia,Traveling Dancer,Red,Sword,Inf,Genealogy of the Holy War,Demote Regular,2.09,30,40,27,36,17,30,150,Yes,
Garon,King of Nohr,Red,Dragon,Inf,Fates,Grail,2.09,30,43,33,22,33,32,163,No,
Silas,Loyal Knight,Blue,Lance,Cav,Fates,Demote Regular,2.09,25,40,35,24,36,21,156,No,
Flora,Cold as Ice,Red,Dagger,Inf,Fates,Five-star Regular,2.09,30,38,34,23,18,38,151,No,
Ophelia,Dramatic Heroine,Blue,Tome,Inf,Fates,Five-star Regular,2.09,30,38,37,33,20,23,151,No,
Nina,Eye Spy,Cless,Bow,Inf,Fates,Five-star Regular,2.09,30,35,32,37,16,31,151,No,
Loki,The Trickster,Cless,Staff,Inf,Heroes,Five-star Regular,2.1,30,42,33,35,16,25,151,No,
Kliff,Curious Spirit,Blue,Tome,Inf,Echoes: Shadows of Valentia,Five-star Regular,2.1,30,37,30,37,25,28,157,No,
Dorcas,Pumpkin Smasher,Green,Axe,Armor,Blazing Blade,Grail,2.1,25,49,41,25,37,21,173,No,
Eirika,Graceful Resolve,Red,Sword,Cav,Sacred Stones,Legendary,2.1,25,38,31,39,27,21,156,No,
Myrrh,Spooky Monster,Red,Dragon,Armor,Sacred Stones,Seasonal,2.1,25,46,38,23,40,32,179,No,
Mia,Moonlit Witch,Cless,Staff,Flyer,Radiant Dawn,Seasonal,2.1,25,36,30,34,22,28,150,No,
Aversa,Dark One,Red,Tome,Flyer,Awakening,Grail,2.1,25,42,33,34,17,24,150,No,
Owain,Chosen One,Red,Sword,Inf,Awakening,Five-star Regular,2.1,30,41,32,37,31,22,163,No,
Kagero,Beverage Ninja,Green,Dagger,Armor,Fates,Seasonal,2.1,25,41,38,21,32,33,165,No,
Niles,Forbidden Tease,Blue,Bow,Armor,Fates,Seasonal,2.1,25,37,34,39,25,29,164,No,
Hrid,Icy Blade,Red,Sword,Cav,Heroes,Legendary,2.11,25,41,37,17,36,26,157,No,
Ylgr,Fresh Snowfall,Blue,Dagger,Inf,Heroes,Five-star Regular,2.11,30,38,33,38,22,20,151,No,
Surtr,Ruler of Flame,Green,Axe,Armor,Heroes,Five-star Regular,2.11,25,50,39,17,40,33,179,No,
Gharnef,Dark Pontifex,Red,Tome,Inf,Shadow Dragon / (New) Mystery,Grail,2.11,30,38,30,34,27,23,152,No,
Corrin,Dream Prince,Blue,Dragon,Inf,Fates,Five-star Regular,2.11,30,42,35,35,31,24,167,No,
Corrin,Dream Princess,Green,Dragon,Inf,Fates,Five-star Regular,2.11,30,41,31,37,32,27,168,No,
Azura,Young Songstress,Green,Tome,Inf,Fates,Grail,2.11,30,36,33,29,17,25,140,Yes,
Mikoto,Caring Mother,Cless,Staff,Inf,Fates,Five-star Regular,2.11,30,38,35,32,20,26,151,No,
Camilla,Flower of Fantasy,Red,Tome,Flyer,Fates,Five-star Regular,2.11,25,36,37,30,17,30,150,No,
Fjorm,New Traditions,Green,Bow,Flyer,Heroes,Seasonal,3,25,39,35,35,20,21,150,No,
Gunnthra,Year's First Dream,Red,Sword,Flyer,Heroes,Seasonal,3,25,38,34,37,27,26,162,No,
Hrid,Resolute Prince,Red,Sword,Flyer,Heroes,Seasonal,3,25,42,38,19,36,27,162,No,
Laegjarn,New Experiences,Blue,Lance,Cav,Heroes,Grail,3,25,38,32,35,35,17,157,No,
Laevatein,Kumade Warrior,Cless,Staff,Cav,Heroes,Seasonal,3,25,33,36,30,27,18,144,No,
Eir,Merciful Death,Cless,Dagger,Flyer,Heroes,Mythic,3,25,35,32,37,14,31,149,No,
Cecilia,Festive Instructor,Cless,Dagger,Armor,Binding Blade,Grail,3,25,41,35,23,30,36,165,No,
Fae,Holiday Dear,Green,Dragon,Armor,Binding Blade,Seasonal,3,25,45,35,26,33,41,180,No,
Eirika,Gentle as Snow,Cless,Staff,Armor,Sacred Stones,Seasonal,3,25,42,36,23,30,34,165,No,
Ephraim,Sparkling Gallantly,Blue,Lance,Armor,Sacred Stones,Seasonal,3,25,45,41,23,36,29,174,No,
Azura,Vallite Songstress,Blue,Tome,Flyer,Fates,Legendary,3,25,33,30,35,17,24,139,Yes,
Duma,God of Strength,Cless,Dragon,Armor,Echoes: Shadows of Valentia,Mythic,3.01,25,48,40,21,34,31,174,No,
Tibarn,Lord of the Air,Red,Beast,Flyer,Radiant Dawn,Five-star Regular,3.01,25,41,38,31,34,18,162,No,
Reyson,White Prince,Green,Beast,Flyer,Radiant Dawn,Demote Regular,3.01,25,37,29,34,24,26,150,Yes,
Leanne,Forest's Song,Cless,Beast,Flyer,Radiant Dawn,Five-star Regular,3.01,25,36,27,37,16,34,150,Yes,
Naesala,Sky's Shadow,Blue,Beast,Flyer,Radiant Dawn,Grail,3.01,25,39,32,38,24,29,162,No,
Nailah,Unflinching Eye,Blue,Beast,Inf,Radiant Dawn,Five-star Regular,3.01,30,40,31,37,32,23,163,No,
Ryoma,Samurai at Ease,Blue,Lance,Flyer,Fates,Seasonal,3.01,25,40,35,36,28,23,162,No,
Hinoka,Relaxed Warrior,Green,Dagger,Flyer,Fates,Seasonal,3.01,25,38,35,35,16,26,150,No,
Sakura,Hot-Spring Healer,Cless,Staff,Flyer,Fates,Seasonal,3.01,25,36,35,32,26,21,150,No,
Camilla,Steamy Secrets,Cless,Dagger,Flyer,Fates,Grail,3.01,25,38,33,35,17,28,151,No,
Elise,Bubbling Flower,Red,Dagger,Cav,Fates,Seasonal,3.01,25,34,33,37,18,22,144,No,
Roy,Blazing Lion,Red,Sword,Inf,Binding Blade,Legendary,3.02,25,39,34,38,32,26,169,No,
Ike,Stalwart Heart,Red,Sword,Armor,Path of Radiance,Seasonal,3.02,25,45,37,38,35,19,174,No,
Titania,Warm Knight,Red,Tome,Cav,Path of Radiance,Grail,3.02,25,35,30,33,17,30,145,No,
Soren,Addled Strategist,Blue,Tome,Cav,Path of Radiance,Seasonal,3.02,25,37,35,33,14,25,144,No,
Mist,Purest Spirit,Green,Tome,Cav,Path of Radiance,Seasonal,3.02,25,36,34,34,17,23,144,No,
Greil,Heroic Exemplar,Green,Axe,Armor,Path of Radiance,Seasonal,3.02,25,47,41,18,38,30,174,No,
Panne,Proud Taguel,Blue,Beast,Cav,Awakening,Grail,3.02,25,41,29,34,30,23,157,No,
Kaden,Kitsune Braggart,Green,Beast,Cav,Fates,Five-star Regular,3.02,25,38,32,36,25,25,156,No,
Keaton,Lupine Collector,Red,Beast,Inf,Fates,Five-star Regular,3.02,25,45,41,24,38,19,167,No,
Selkie,Free Spirit,Blue,Beast,Cav,Fates,Five-star Regular,3.02,25,35,29,38,19,35,156,No,
Velouria,Wolf Cub,Cless,Beast,Inf,Fates,Five-star Regular,3.02,25,40,35,37,33,23,168,No,
Bruno,Masked Hare,Cless,Staff,Cav,Heroes,Seasonal,3.03,25,41,30,24,35,14,144,No,
Veronica,Spring Princess,Green,Tome,Flyer,Heroes,Seasonal,3.03,25,38,35,36,16,25,150,No,
Loki,Spring Trickster,Cless,Bow,Flyer,Heroes,Grail,3.03,25,39,31,34,27,25,156,No,
Palla,Eldest Bun-Bun,Red,Dagger,Flyer,Shadow Dragon / (New) Mystery,Seasonal,3.03,25,38,37,34,17,29,155,No,
Lugh,Anima Child,Green,Tome,Inf,Binding Blade,Five-star Regular,3.03,25,37,35,36,17,31,156,No,
Thea,Stormy Flier,Blue,Lance,Flyer,Binding Blade,Demote Regular,3.03,25,37,31,35,31,28,162,No,
Sue,Doe of the Plains,Green,Bow,Cav,Binding Blade,Five-star Regular,3.03,25,36,32,38,23,20,149,No,
Rutger,Lone Swordsman,Red,Sword,Inf,Binding Blade,Grail,3.03,25,44,32,39,29,24,168,No,
Idunn,Dark Priestess,Red,Dragon,Armor,Binding Blade,Five-star Regular,3.03,25,45,35,26,39,34,179,No,
Marisa,Crimson Rabbit,Blue,Lance,Flyer,Sacred Stones,Seasonal,3.03,25,42,33,38,28,21,162,No,
Yune,Chaos Goddess,Green,Tome,Flyer,Radiant Dawn,Mythic,3.03,25,38,33,27,15,37,150,No,
Alm,Saint-King,Cless,Bow,Inf,Echoes: Shadows of Valentia,Legendary,3.04,25,40,37,37,26,22,162,No,
Lukas,Buffet for One,Blue,Lance,Armor,Echoes: Shadows of Valentia,Seasonal,3.04,25,51,37,21,42,22,173,No,
Genny,Dressed with Care,Cless,Staff,Cav,Echoes: Shadows of Valentia,Seasonal,3.04,25,35,36,24,14,34,143,No,
Caineghis,Gallia's Lion King,Cless,Beast,Armor,Radiant Dawn,Five-star Regular,3.04,25,47,37,23,37,30,174,No,
Ranulf,Friend of Nations,Green,Beast,Cav,Radiant Dawn,Five-star Regular,3.04,25,40,30,37,33,17,157,No,
Mordecai,Kindhearted Tiger,Blue,Beast,Inf,Radiant Dawn,Demote Regular,3.04,25,47,37,24,39,20,167,No,
Lethe,Gallia's Valkyrie,Red,Beast,Cav,Radiant Dawn,Five-star Regular,3.04,25,41,33,38,26,19,157,No,
Haar,Black Tempest,Green,Axe,Flyer,Radiant Dawn,Grail,3.04,25,45,37,25,36,18,161,No,
Felicia,Off the Menu,Green,Axe,Armor,Fates,Seasonal,3.04,25,43,30,37,30,35,175,No,
Leo,Extra Tomatoes,Green,Tome,Cav,Fates,Grail,3.04,25,37,33,21,27,28,146,No,
Flora,Signature Dish,Red,Dagger,Armor,Fates,Seasonal,3.04,25,43,38,22,29,38,170,No,
Fjorm,Bride of Rime,Cless,Staff,Flyer,Heroes,Seasonal,3.05,25,42,34,34,17,23,150,No,
Tiki,Torpid Dragon,Cless,Dragon,Armor,Shadow Dragon / (New) Mystery,Five-star Regular,3.05,25,45,36,34,37,28,180,No,
Delthea,Tatarrah's Puppet,Blue,Tome,Inf,Echoes: Shadows of Valentia,Grail,3.05,25,41,36,33,19,28,157,No,
Berkut,Purgatorial Prince,Blue,Lance,Cav,Echoes: Shadows of Valentia,Five-star Regular,3.05,25,40,35,17,35,30,157,No,
Mareeta,The Blade's Pawn,Red,Sword,Inf,Thracia 776,Five-star Regular,3.05,25,42,33,41,29,23,168,No,
Pent,Fancy Fiance,Blue,Tome,Cav,Blazing Blade,Seasonal,3.05,25,37,33,34,19,21,144,No,
Louise,Eternal Devotion,Cless,Bow,Cav,Blazing Blade,Grail,3.05,25,39,31,34,17,30,151,No,
Sigrun,Steadfast Bride,Red,Sword,Flyer,Path of Radiance,Seasonal,3.05,25,35,31,38,27,31,162,No,
Tanith,Forthright Heart,Blue,Lance,Flyer,Path of Radiance,Seasonal,3.05,25,37,34,36,33,21,161,No,
Naga,Dragon Divinity,Blue,Dragon,Flyer,Awakening,Mythic,3.05,25,37,30,36,33,26,162,No,Shadow Dragon / (New) Mystery
Corrin,Wailing Soul,Cless,Dragon,Inf,Fates,Five-star Regular,3.05,25,43,35,37,31,27,173,No,
Gunnthra,Beaming Smile,Cless,Dagger,Cav,Heroes,Seasonal,3.06,25,39,33,37,17,24,150,No,
Ylgr,Breaking the Ice,Green,Axe,Inf,Heroes,Grail,3.06,25,42,35,36,30,25,168,No,
Laegjarn,Burning Sun,Blue,Tome,Flyer,Heroes,Seasonal,3.06,25,37,34,37,20,21,149,No,
Laevatein,Bonfire's Blaze,Green,Tome,Flyer,Heroes,Seasonal,3.06,25,38,38,16,31,26,149,No,
Helbindi,Seaside Scourge,Red,Sword,Inf,Heroes,Seasonal,3.06,25,44,36,18,37,33,168,No,
Eliwood,Blazing Knight,Red,Sword,Cav,Blazing Blade,Legendary,3.06,25,37,36,34,33,16,156,No,
Brady,Daunting Priest,Cless,Staff,Inf,Awakening,Demote Regular,3.06,25,41,33,32,23,28,157,No,
Yarne,Timid Taguel,Green,Beast,Cav,Awakening,Five-star Regular,3.06,25,40,35,33,32,17,157,No,
Nah,Little Miss,Red,Dragon,Inf,Awakening,Five-star Regular,3.06,25,44,34,25,38,32,173,No,
Kjelle,Fair Fighter,Blue,Lance,Armor,Awakening,Five-star Regular,3.06,25,47,40,22,37,28,174,No,
Cynthia,Hero Chaser,Blue,Lance,Flyer,Awakening,Grail,3.06,25,38,32,37,27,29,163,No,
Wolt,Sunbeam Archer,Green,Bow,Cav,Binding Blade,Seasonal,3.07,25,40,34,34,25,17,150,No,
Lilina,Beachside Bloom,Red,Dagger,Cav,Binding Blade,Seasonal,3.07,25,35,38,25,16,35,149,No,
Lyn,Lady of the Beach,Blue,Bow,Flyer,Blazing Blade,Seasonal,3.07,25,37,33,38,20,27,155,No,
Fiora,Defrosted Ilian,Red,Sword,Flyer,Blazing Blade,Grail,3.07,25,40,32,37,26,28,163,No,
Ursula,Clear-Blue Crow,Cless,Dagger,Cav,Blazing Blade,Seasonal,3.07,25,36,36,34,16,28,150,No,
Byleth,Tested Professor,Red,Sword,Inf,Three Houses,Five-star Regular,3.07,25,40,36,38,34,20,168,No,
Byleth,Proven Professor,Red,Sword,Inf,Three Houses,Five-star Regular,3.07,25,40,34,40,33,21,168,No,
Sothis,Girl on the Throne,Red,Dragon,Inf,Three Houses,Mythic,3.07,25,41,34,39,32,27,173,No,
Edelgard,The Future,Green,Axe,Inf,Three Houses,Five-star Regular,3.07,25,41,39,30,37,21,168,No,
Dimitri,The Protector,Blue,Lance,Cav,Three Houses,Five-star Regular,3.07,25,40,36,29,34,18,157,No,
Claude,The Schemer,Cless,Bow,Cav,Three Houses,Five-star Regular,3.07,25,39,33,37,20,21,150,No,
Kronya,Gleaming Blade,Cless,Dagger,Inf,Three Houses,Grail,3.07,25,44,31,39,22,26,162,No,
Alm,Imperial Ascent,Red,Sword,Inf,Echoes: Shadows of Valentia,Brave,3.08,25,42,38,35,37,20,172,No,
Julia,Crusader of Light,Blue,Tome,Inf,Genealogy of the Holy War,Legendary,3.08,25,40,39,28,19,36,162,No,
Eliwood,Marquess Pherae,Blue,Lance,Cav,Blazing Blade,Brave,3.08,25,40,37,35,32,18,162,No,
Sigrun,Loyal Protector,Blue,Lance,Flyer,Path of Radiance,Grail,3.08,25,37,32,36,28,34,167,No,
Micaiah,Queen of Dawn,Green,Tome,Flyer,Radiant Dawn,Brave,3.08,25,36,37,28,17,37,155,No,
Camilla,Light of Nohr,Cless,Staff,Flyer,Fates,Brave,3.08,25,39,33,37,21,25,155,No,
Hubert,Sinister Servant,Red,Tome,Inf,Three Houses,Five-star Regular,3.08,25,41,39,32,19,25,156,No,
Petra,Princess of Brigid,Blue,Dagger,Flyer,Three Houses,Five-star Regular,3.08,25,40,32,38,25,20,155,No,
Mercedes,Kindly Devotee,Cless,Staff,Inf,Three Houses,Demote Regular,3.08,25,39,33,30,22,33,157,No,
Hilda,Idle Maiden,Green,Axe,Inf,Three Houses,Five-star Regular,3.08,25,43,37,37,28,23,168,No,
Death Knight,The Reaper,Blue,Lance,Cav,Three Houses,Grail,3.08,25,40,35,25,30,27,157,No,
Thrasir,Omnicidal Witch,Green,Tome,Inf,Heroes,Mythic,3.09,25,40,33,39,23,27,162,No,
Norne,The Volunteer,Cless,Bow,Inf,Shadow Dragon / (New) Mystery,Demote Regular,3.09,25,42,32,36,31,27,168,No,
Astram,Midia's Hero,Red,Sword,Inf,Shadow Dragon / (New) Mystery,Grail,3.09,25,44,35,36,36,21,172,No,
Sirius,Mysterious Knight,Blue,Lance,Cav,Shadow Dragon / (New) Mystery,Five-star Regular,3.09,25,40,34,37,35,16,162,No,
Nagi,Dragon Avatar,Green,Dragon,Armor,Shadow Dragon / (New) Mystery,Five-star Regular,3.09,25,46,37,19,36,41,179,No,
Bantu,Tiki's Guardian,Red,Dragon,Inf,Shadow Dragon / (New) Mystery,Demote Regular,3.09,25,45,34,28,35,26,168,No,
Phina,Roving Dancer,Red,Sword,Inf,Shadow Dragon / (New) Mystery,Five-star Regular,3.09,25,40,35,37,26,23,161,Yes,
Berkut,Debonair Noble,Blue,Lance,Inf,Echoes: Shadows of Valentia,Seasonal,3.09,25,41,36,23,37,24,161,Yes,
Rinea,Reminiscent Belle,Blue,Tome,Inf,Echoes: Shadows of Valentia,Grail,3.09,25,38,30,33,23,28,152,Yes,
Reinhardt,Lightning's Rondo,Green,Tome,Flyer,Thracia 776,Seasonal,3.09,25,38,34,21,27,25,145,Yes,
Ishtar,Thunder's Waltz,Red,Tome,Flyer,Thracia 776,Seasonal,3.09,25,36,34,36,16,22,144,Yes,
Nephenee,Sincere Dancer,Cless,Bow,Inf,Path of Radiance,Seasonal,3.09,25,37,35,36,24,25,157,Yes,
Silque,Adherent of Mila,Cless,Staff,Inf,Echoes: Shadows of Valentia,Five-star Regular,3.1,25,39,33,23,35,31,161,No,
Forsyth,Loyal Lieutenant,Blue,Lance,Armor,Echoes: Shadows of Valentia,Five-star Regular,3.1,25,47,40,20,39,33,179,No,
Python,Apathetic Archer,Green,Bow,Cav,Echoes: Shadows of Valentia,Demote Regular,3.1,25,38,32,35,31,20,156,No,
Valbar,Open and Honest,Blue,Lance,Armor,Echoes: Shadows of Valentia,Demote Regular,3.1,25,49,35,25,38,26,173,No,
Catria,Mild Middle Sister,Red,Sword,Flyer,Echoes: Shadows of Valentia,Five-star Regular,3.1,25,41,38,36,27,24,166,No,
Conrad,Masked Knight,Blue,Lance,Cav,Echoes: Shadows of Valentia,Grail,3.1,25,40,31,22,34,35,162,No,
Leif,Unifier of Thracia,Cless,Bow,Cav,Thracia 776,Legendary,3.1,25,40,38,22,29,27,156,No,Genealogy of the Holy War
Hector,Dressed-Up Duo,Red,Sword,Armor,Blazing Blade,Duo,3.1,25,47,41,26,39,27,180,No,
L'Arachel,Harvest Princess,Green,Tome,Cav,Sacred Stones,Seasonal,3.1,25,39,36,34,22,20,151,No,
Dozla,Harvest Attendant,Cless,Dagger,Armor,Sacred Stones,Seasonal,3.1,25,45,38,29,35,27,174,No,
Rolf,Tricky Archer,Cless,Bow,Cav,Path of Radiance,Grail,3.1,25,40,30,36,28,23,157,No,
Ilyana,Treat Harvester,Blue,Tome,Armor,Path of Radiance,Seasonal,3.1,25,41,38,23,30,37,169,No,
Chad,Lycian Wildcat,Cless,Dagger,Inf,Binding Blade,Demote Regular,3.11,25,45,30,37,26,23,161,No,
Perceval,Knightly Ideal,Blue,Lance,Cav,Binding Blade,Five-star Regular,3.11,25,38,32,37,28,27,162,No,
Brunnya,Devoted General,Blue,Tome,Inf,Binding Blade,Grail,3.11,25,42,35,31,21,33,162,No,
Echidna,Unyielding Idealist,Green,Axe,Inf,Binding Blade,Demote Regular,3.11,25,45,34,36,30,27,172,No,
Larum,Sprightly Dancer,Cless,Dagger,Inf,Binding Blade,Five-star Regular,3.11,25,37,32,39,18,30,156,Yes,
Igrene,Nabata Protector,Red,Bow,Inf,Binding Blade,Five-star Regular,3.11,25,42,37,37,26,24,166,No,
Ephraim,Dynastic Duo,Blue,Lance,Inf,Sacred Stones,Duo,3.11,25,41,39,30,37,25,172,No,
Ross,His Father's Son,Green,Axe,Inf,Sacred Stones,Demote Regular,3.11,25,47,38,31,32,24,172,No,
Cormag,Aloof Lanceman,Blue,Lance,Flyer,Sacred Stones,Grail,3.11,25,42,36,32,34,23,167,No,
Gerik,Desert Tiger,Green,Axe,Inf,Sacred Stones,Five-star Regular,3.11,25,47,37,36,30,22,172,No,
Tethys,Beloved Dancer,Cless,Dagger,Inf,Sacred Stones,Demote Regular,3.11,25,38,27,35,23,34,157,Yes,
Ewan,Eager Student,Red,Tome,Inf,Sacred Stones,Five-star Regular,3.11,25,38,37,33,23,35,166,No,
Altina,Dawn's Trueblade,Red,Sword,Flyer,Radiant Dawn,Mythic,3.11,25,42,38,20,30,36,166,No,
Alfonse,Askran Duo,Blue,Tome,Inf,Heroes,Duo,4,25,41,38,17,35,30,161,No,
Anna,Wealth-Wisher,Red,Bow,Inf,Heroes,Seasonal,4,25,40,34,40,16,37,167,No,
Eir,Renewed Life,Red,Dagger,Flyer,Heroes,Grail,4,25,39,31,36,21,34,161,No,
Peony,Sweet Dream,Blue,Tome,Flyer,Heroes,Mythic,4,25,38,31,36,16,24,145,Yes,
Marth,Royal Altean Duo,Cless,Bow,Armor,Shadow Dragon / (New) Mystery,Duo,4,25,42,36,41,30,25,174,No,
Celica,Queen of Valentia,Green,Tome,Inf,Echoes: Shadows of Valentia,Legendary,4,25,40,38,38,18,28,162,No,
Eyvel,Mistress of Fiana,Red,Sword,Inf,Thracia 776,Five-star Regular,4,25,41,33,35,38,25,172,No,
Mareeta,Sword of Stars,Red,Sword,Inf,Thracia 776,Five-star Regular,4,25,41,35,42,31,23,172,No,
Osian,Scolded Soldier,Green,Axe,Inf,Thracia 776,Five-star Regular,4,25,42,35,36,33,27,173,No,
Tanya,Dagdar's Kid,Cless,Bow,Inf,Thracia 776,Demote Regular,4,25,41,30,37,25,28,161,No,
Kempf,Conniving General,Red,Sword,Cav,Thracia 776,Grail,4,25,42,33,33,27,26,161,No,
Zephiel,Winter's Crown,Red,Sword,Armor,Blazing Blade,Seasonal,4,25,48,38,19,38,36,179,No,
Jaffar,Angel of Night,Green,Dagger,Armor,Blazing Blade,Grail,4,25,44,35,37,31,27,174,No,
Nino,Flower of Frost,Blue,Tome,Armor,Blazing Blade,Seasonal,4,25,40,35,41,22,31,169,No,
Lethe,New Year's Claw,Green,Beast,Cav,Radiant Dawn,Seasonal,4,25,41,35,41,27,18,162,No,
Selkie,New Year's Spirit,Cless,Beast,Cav,Fates,Seasonal,4,25,35,31,39,16,40,161,No,
Sothis,Silver Specter,Green,Dragon,Armor,Three Houses,Seasonal,4,25,44,35,41,30,35,185,No,
Lif,Lethal Swordsman,Red,Sword,Inf,Heroes,Mythic,4.01,25,42,38,30,34,29,173,No,
Larcei,Keen Kin,Red,Sword,Inf,Genealogy of the Holy War,Five-star Regular,4.01,25,41,36,40,30,25,172,No,
Shannan,Wielder of Astra,Red,Sword,Inf,Genealogy of the Holy War,Five-star Regular,4.01,25,43,38,36,37,18,172,No,
Ced,Hero on the Wind,Green,Tome,Inf,Genealogy of the Holy War,Five-star Regular,4.01,25,37,35,39,19,31,161,No,
Travant,King of Thracia,Blue,Lance,Flyer,Genealogy of the Holy War,Grail,4.01,25,46,36,26,40,18,166,No,
Altena,Luminous Rider,Blue,Lance,Flyer,Genealogy of the Holy War,Demote Regular,4.01,25,45,37,25,39,20,166,No,
Itsuki,Finding a Path,Red,Sword,Inf,Tokyo Mirage Sessions #FE,Grail,4.01,25,41,37,30,33,32,173,No,
Tsubasa,Madcap Idol,Blue,Lance,Flyer,Tokyo Mirage Sessions #FE,Five-star Regular,4.01,25,39,32,40,26,30,167,No,
Mamori,Microwavin' Idol,Green,Axe,Armor,Tokyo Mirage Sessions #FE,Five-star Regular,4.01,25,43,37,24,42,33,179,No,
Kiria,Cool Facade,Red,Tome,Inf,Tokyo Mirage Sessions #FE,Five-star Regular,4.01,25,38,41,20,29,34,162,No,
Eleonora,Shooting Starlet,Cless,Bow,Inf,Tokyo Mirage Sessions #FE,Five-star Regular,4.01,25,42,37,38,25,24,166,No,
Alm,Lovebird Duo,Green,Axe,Inf,Echoes: Shadows of Valentia,Duo,4.02,25,40,35,40,32,25,172,No,
Faye,Drawn Heartstring,Cless,Bow,Armor,Echoes: Shadows of Valentia,Seasonal,4.02,25,43,40,23,35,38,179,No,
Silque,Selfless Cleric,Cless,Staff,Cav,Echoes: Shadows of Valentia,Grail,4.02,25,40,28,22,32,29,151,No,
Conrad,Unmasked Knight,Red,Sword,Cav,Echoes: Shadows of Valentia,Demote Seasonal,4.02,25,39,32,23,33,35,162,No,
Rudolf,Emperor of Rigel,Blue,Lance,Armor,Echoes: Shadows of Valentia,Seasonal,4.02,25,46,43,21,41,29,180,No,
Leila,Rose amid Fangs,Cless,Dagger,Inf,Blazing Blade,Five-star Regular,4.02,25,40,36,41,23,26,166,No,
Heath,Wandering Knight,Blue,Lance,Flyer,Blazing Blade,Grail,4.02,25,40,35,33,33,27,168,No,
Fiora,Airborne Warrior,Blue,Lance,Flyer,Blazing Blade,Five-star Regular,4.02,25,38,32,38,21,37,166,No,
Rath,Wolf of Sacae,Green,Bow,Cav,Blazing Blade,Demote Regular,4.02,25,41,33,35,23,24,156,No,
Nils,Bright Bard,Blue,Dragon,Inf,Blazing Blade,Five-star Regular,4.02,25,45,31,35,26,25,162,Yes,
Chrom,Crowned Exalt,Blue,Bow,Inf,Awakening,Legendary,4.02,25,41,42,26,34,25,168,No,
Est,Springtime Flier,Blue,Tome,Flyer,Shadow Dragon / (New) Mystery,Seasonal,4.03,25,39,38,35,17,26,155,No,
Narcian,Vernal General,Blue,Lance,Flyer,Binding Blade,Demote Seasonal,4.03,25,43,35,34,37,18,167,No,
Bartre,Earsome Warrior,Red,Sword,Inf,Binding Blade,Grail,4.03,25,46,40,26,35,25,172,No,
Fir,Student of Spring,Green,Axe,Flyer,Binding Blade,Seasonal,4.03,25,39,35,41,28,24,167,No,
Idunn,Dragonkin Duo,Red,Dragon,Armor,Binding Blade,Duo,4.03,25,46,37,26,37,38,184,No,
Bramimond,The Enigma,Cless,Tome,Inf,Blazing Blade,Mythic,4.03,25,39,40,27,21,35,162,No,
Ferdinand,Noblest of Nobles,Blue,Lance,Cav,Three Houses,Demote Regular,4.03,25,41,32,35,30,24,162,No,
Bernadetta,Eternal Loner,Cless,Bow,Cav,Three Houses,Five-star Regular,4.03,25,38,32,38,22,26,156,No,
Annette,Overachiever,Green,Axe,Inf,Three Houses,Five-star Regular,4.03,25,40,39,36,28,30,173,No,
Lysithea,Child Prodigy,Red,Tome,Inf,Three Houses,Five-star Regular,4.03,25,37,41,37,21,24,160,No,
Flame Emperor,Bringer of War,Green,Axe,Armor,Three Houses,Grail,4.03,25,50,40,25,37,26,178,No,
Marth,Legacied Hero,Red,Sword,Inf,Shadow Dragon / (New) Mystery,Demote Seasonal,4.04,25,41,36,37,32,26,172,No,
Caeda,Princess of Talys,Red,Sword,Flyer,Shadow Dragon / (New) Mystery,Seasonal,4.04,25,36,33,42,25,30,166,No,
Minerva,Princess-Knight,Green,Axe,Flyer,Shadow Dragon / (New) Mystery,Grail,4.04,25,40,36,37,35,19,167,No,
Palla,Sisterly Trio,Blue,Lance,Flyer,Shadow Dragon / (New) Mystery,Duo,4.04,25,40,39,31,33,24,167,No,
Merric,Changing Winds,Green,Tome,Inf,Shadow Dragon / (New) Mystery,Seasonal,4.04,25,41,34,41,21,25,162,No,
Lilith,Astral Daughter,Blue,Dragon,Flyer,Fates,Five-star Regular,4.04,25,39,36,41,27,30,173,No,
Rinkah,Scion of Flame,Green,Axe,Inf,Fates,Five-star Regular,4.04,25,40,34,39,41,18,172,No,
Iago,Nohr's Tactician,Red,Tome,Inf,Fates,Grail,4.04,25,42,38,27,23,32,162,No,
Midori,Reliable Chemist,Red,Bow,Inf,Fates,Five-star Regular,4.04,25,41,41,30,34,21,167,No,
Forrest,Fashion Forward,Cless,Staff,Cav,Fates,Demote Regular,4.04,25,39,32,26,19,35,151,No,
Edelgard,Flame Emperor,Green,Axe,Armor,Three Houses,Legendary,4.04,25,45,42,17,39,36,179,No,
Mila,Goddess of Love,Cless,Dragon,Inf,Echoes: Shadows of Valentia,Mythic,4.05,25,41,37,17,40,37,172,No,
Julia,Heart Usurped,Red,Tome,Inf,Genealogy of the Holy War,Five-star Regular,4.05,25,39,41,24,17,40,161,No,
Lyon,Demon King,Green,Tome,Inf,Sacred Stones,Five-star Regular,4.05,25,40,40,16,32,35,163,No,
Ashnard,Mad King,Red,Sword,Flyer,Path of Radiance,Grail,4.05,25,43,37,21,35,31,167,No,
Micaiah,Dawn Wind's Duo,Cless,Tome,Flyer,Radiant Dawn,Duo,4.05,25,39,39,20,19,38,155,No,
Ike,Zeal Unleashed,Red,Sword,Inf,Radiant Dawn,Five-star Regular,4.05,25,40,35,42,32,23,172,No,
Rafiel,Blessed Wings,Blue,Beast,Inf,Radiant Dawn,Demote Seasonal,4.05,25,38,28,35,20,41,162,Yes,
Nailah,Blessed Queen,Green,Beast,Inf,Radiant Dawn,Seasonal,4.05,25,40,35,41,31,25,172,No,
Corrin,Bloodbound Beast,Blue,Dragon,Inf,Fates,Five-star Regular,4.05,25,42,38,38,33,26,177,No,
Hinata,Samurai Groom,Green,Axe,Inf,Fates,Grail,4.05,25,47,37,27,40,21,172,No,
Oboro,Fierce Bride-to-Be,Red,Sword,Inf,Fates,Seasonal,4.05,25,42,39,35,40,16,172,No,
Mirabilis,Daydream,Red,Sword,Flyer,Heroes,Mythic,4.06,25,38,34,18,32,35,157,Yes,
Seliph,Scion of Light,Red,Sword,Cav,Genealogy of the Holy War,Legendary,4.06,25,41,41,17,37,26,162,No,
Lute,Summer Prodigy,Blue,Tome,Flyer,Sacred Stones,Demote Seasonal,4.06,25,37,35,34,17,32,155,No,
Selena,Sandbar Fluorspar,Green,Tome,Cav,Sacred Stones,Seasonal,4.06,25,36,37,37,17,23,150,No,
Joshua,Tropical Gambler,Red,Bow,Inf,Sacred Stones,Seasonal,4.06,25,40,36,39,28,24,167,No,
Rhys,Gentle Basker,Cless,Staff,Inf,Radiant Dawn,Grail,4.06,25,44,34,27,21,36,162,No,
Mia,Harmonic Blades,Cless,Dagger,Cav,Radiant Dawn,Harmonic,4.06,25,38,35,41,17,25,156,No,Awakening
Emmeryn,Gentle Exalt,Cless,Staff,Inf,Awakening,Demote Regular,4.06,25,43,32,34,23,30,162,No,
Gangrel,Plegia's Mad King,Cless,Dagger,Inf,Awakening,Grail,4.06,25,45,32,38,24,27,166,No,
Mustafa,Plegian Champion,Green,Axe,Inf,Awakening,Demote Regular,4.06,25,45,38,25,36,28,172,No,
Say'ri,Chon'sin's Blade,Red,Sword,Inf,Awakening,Five-star Regular,4.06,25,40,35,40,23,34,172,No,
Anna,Secret Seller,Blue,Lance,Inf,Awakening,Five-star Regular,4.06,25,38,35,40,28,31,172,No,
Hel,Death Sovereign,Green,Axe,Flyer,Heroes,Mythic,4.07,25,40,38,41,30,18,167,No,
Kris,Unknown Hero,Red,Sword,Inf,Shadow Dragon / (New) Mystery,Five-star Regular,4.07,25,40,37,40,30,25,172,No,
Kris,Unsung Hero,Blue,Lance,Inf,Shadow Dragon / (New) Mystery,Five-star Regular,4.07,25,40,37,40,30,25,172,No,
Julian,Tender Thief,Cless,Dagger,Inf,Shadow Dragon / (New) Mystery,Five-star Regular,4.07,25,40,38,38,33,18,167,No,
Lena,Tender Angel,Cless,Staff,Inf,Shadow Dragon / (New) Mystery,Demote Regular,4.07,25,40,32,29,24,37,162,No,
Eremiya,Bishop of Woe,Cless,Staff,Inf,Shadow Dragon / (New) Mystery,Grail,4.07,25,44,32,35,23,27,161,No,
Byleth,Fell Star's Duo,Red,Tome,Flyer,Three Houses,Duo,4.07,25,40,36,42,16,21,155,No,
Dorothea,Solar Songstress,Cless,Dagger,Inf,Three Houses,Seasonal,4.07,25,38,37,36,16,30,157,Yes,
Sylvain,Hanging with Tens,Green,Tome,Cav,Three Houses,Demote Seasonal,4.07,25,42,32,35,27,16,152,No,
Ingrid,Solstice Knight,Blue,Lance,Flyer,Three Houses,Seasonal,4.07,25,39,34,42,25,26,166,No,
Lorenz,Highborn Heat,Red,Tome,Inf,Three Houses,Grail,4.07,25,45,32,31,25,29,162,No,
Veronica,Harmonic Pirates,Green,Axe,Cav,Heroes,Harmonic,4.08,25,38,39,19,36,29,161,No,Fates
Darros,Seawalker,Green,Axe,Inf,Shadow Dragon / (New) Mystery,Grail,4.08,25,46,36,32,37,21,172,No,
Brigid,Orgahil Pirate,Red,Bow,Inf,Genealogy of the Holy War,Seasonal,4.08,25,41,37,40,30,19,167,No,
Geese,A Life at Sea,Blue,Lance,Inf,Binding Blade,Demote Seasonal,4.08,25,46,38,35,32,21,172,No,
Jorge,Traveling Peddler,Blue,Bow,Inf,Radiant Dawn,Grail,4.08,20,45,36,27,35,29,172,No,
Tibarn,Shipless Pirate,Cless,Beast,Flyer,Radiant Dawn,Seasonal,4.08,25,42,41,30,36,18,167,No,
Corrin,Child of Dusk,Cless,Dragon,Inf,Fates,Legendary,4.08,20,41,38,40,34,29,182,No,
Edelgard,Adrestian Emperor,Green,Axe,Armor,Three Houses,Brave,4.08,20,46,45,16,43,35,185,No,
Dimitri,King of Faerghus,Blue,Lance,Inf,Three Houses,Brave,4.08,20,41,40,36,40,19,176,No,
Claude,Almyra's King,Cless,Bow,Flyer,Three Houses,Brave,4.08,20,42,36,40,23,25,166,No,
Lysithea,Earnest Seeker,Red,Tome,Inf,Three Houses,Brave,4.08,20,40,40,39,21,25,165,No,
Plumeria,Lewd Dream,Red,Tome,Flyer,Heroes,Mythic,4.09,20,41,40,18,16,37,152,Yes,
Sigurd,Destined Duo,Red,Tome,Cav,Genealogy of the Holy War,Duo,4.09,20,38,38,18,16,37,147,Yes,
Quan,Lightfoot Prince,Blue,Bow,Flyer,Genealogy of the Holy War,Seasonal,4.09,20,40,41,20,36,20,157,Yes,
Ethlyn,Glimmering Lady,Cless,Dagger,Flyer,Genealogy of the Holy War,Seasonal,4.09,20,37,36,41,16,28,158,Yes,
Eldigan,Strutting Lion,Blue,Lance,Flyer,Genealogy of the Holy War,Grail,4.09,20,43,38,26,37,18,162,Yes,
Lachesis,Ballroom Bloom,Green,Dagger,Flyer,Genealogy of the Holy War,Demote Seasonal,4.09,20,37,37,27,19,37,157,Yes,
Shinon,Scathing Archer,Cless,Bow,Inf,Path of Radiance,Five-star Regular,4.09,20,40,38,42,27,24,171,No,
Gatrie,Armored Amour,Blue,Lance,Armor,Path of Radiance,Five-star Regular,4.09,20,47,42,17,44,35,185,No,
Jill,Fiery Dracoknight,Green,Axe,Flyer,Path of Radiance,Five-star Regular,4.09,20,40,39,40,36,17,172,No,
Petrine,Icy Flame-Lancer,Blue,Lance,Cav,Path of Radiance,Grail,4.09,20,42,35,37,30,24,168,No,
Ilyana,Hungering Mage,Blue,Tome,Inf,Path of Radiance,Demote Regular,4.09,20,39,38,32,17,40,166,No,
Tiki,Harmonic Hope,Blue,Dragon,Flyer,Shadow Dragon / (New) Mystery,Harmonic,4.1,20,39,39,42,32,25,177,No,Blazing Blade
Xane,Autumn Trickster,Cless,Tome,Inf,Shadow Dragon / (New) Mystery,Demote Seasonal,4.1,20,47,30,34,25,30,166,No,
Dheginsea,Harvest Goldoan,Red,Dragon,Armor,Radiant Dawn,Seasonal,4.1,20,45,45,14,41,39,184,No,
Ena,Autumn Tactician,Red,Dragon,Inf,Radiant Dawn,Grail,4.1,20,44,36,23,37,36,176,No,
Robin,Fall Vessel,Green,Dragon,Flyer,Awakening,Seasonal,4.1,20,40,40,17,37,38,172,No,
Dimitri,Savior King,Blue,Lance,Inf,Three Houses,Legendary,4.1,20,40,41,41,37,18,177,No,
Seteth,Seiros Adherent,Blue,Lance,Flyer,Three Houses,Demote Regular,4.1,20,44,36,36,32,24,172,No,
Flayn,Playing Innocent,Cless,Staff,Flyer,Three Houses,Five-star Regular,4.1,20,40,39,27,21,35,162,No,
Catherine,Thunder Knight,Red,Sword,Inf,Three Houses,Five-star Regular,4.1,20,43,39,41,30,23,176,No,
Shamir,Archer Apart,Green,Bow,Inf,Three Houses,Five-star Regular,4.1,20,41,40,40,25,24,170,No,
Nemesis,King of Liberation,Red,Sword,Inf,Three Houses,Grail,4.1,20,43,39,23,37,34,176,No,
Laevatein,Ninja of Muspell,Green,Axe,Flyer,Heroes,Seasonal,4.11,20,41,42,18,37,34,172,No,
Triandra,Nightmare,Green,Tome,Flyer,Heroes,Mythic,4.11,20,38,37,38,16,22,151,Yes,
Freyja,Lady of Nightmare,Green,Beast,Cav,Heroes,Mythic,4.11,20,40,38,44,24,22,168,No,
Navarre,Scarlet Ninja,Blue,Lance,Inf,Shadow Dragon / (New) Mystery,Seasonal,4.11,20,41,39,42,31,23,176,No,
Merlinus,Pherae's Clerk,Cless,Dagger,Cav,Binding Blade,Demote Regular,4.11,20,50,20,35,31,27,163,No,
Guinivere,Princess of Bern,Blue,Tome,Inf,Binding Blade,Five-star Regular,4.11,20,36,35,40,16,38,165,No,
Melady,Crimson Rider,Blue,Lance,Flyer,Binding Blade,Five-star Regular,4.11,20,41,40,33,41,17,172,No,
Galle,Azure Rider,Blue,Lance,Flyer,Binding Blade,Grail,4.11,20,46,38,22,38,28,172,No,
Dieck,Wounded Tiger,Green,Axe,Inf,Binding Blade,Five-star Regular,4.11,20,40,40,35,36,25,176,No,
Lyn,Ninja-Friend Duo,Cless,Dagger,Flyer,Blazing Blade,Duo,4.11,20,40,38,42,21,26,167,No,
Zihark,Ninja Blademaster,Red,Sword,Inf,Path of Radiance,Demote Seasonal,4.11,20,43,37,42,30,24,176,No,
Hana,Focused Ninja,Green,Axe,Inf,Fates,Grail,4.11,20,42,36,40,28,30,176,No,
Peony,Alfar Dream Duo,Green,Tome,Flyer,Heroes,Duo,5,20,38,34,40,16,23,151,Yes,
Plumeria,Temptation Anew,Cless,Bow,Flyer,Heroes,Seasonal,5,20,41,42,17,18,39,157,Yes,
Reginn,Bearing Hope,Red,Sword,Cav,Heroes,Mythic,5,20,38,36,40,30,24,168,No,
Lilina,Firelight Leader,Red,Tome,Cav,Binding Blade,Legendary,5,20,39,42,21,16,40,158,No,
Duessel,Obsidian,Blue,Lance,Cav,Sacred Stones,Five-star Regular,5,20,41,39,18,39,31,168,No,
Selena,Fluorspar,Blue,Tome,Cav,Sacred Stones,Five-star Regular,5,20,40,39,39,16,23,157,No,
Caellach,Tiger Eye,Green,Axe,Inf,Sacred Stones,Grail,5,20,45,40,27,31,33,176,No,
Knoll,Darkness Watcher,Red,Tome,Inf,Sacred Stones,Demote Regular,5,20,43,37,32,19,35,166,No,
Natasha,Sacred Healer,Cless,Staff,Inf,Sacred Stones,Demote Regular,5,20,37,36,32,24,36,165,No,
Sephiran,Hoary Sovereign,Cless,Staff,Armor,Path of Radiance,Seasonal,5,20,43,42,21,29,40,175,No,
Altina,Cross-Time Duo,Red,Sword,Inf,Radiant Dawn,Harmonic,5,20,42,40,18,37,39,176,No,Path of Radiance
Kaden,Refreshed Kitsune,Red,Beast,Cav,Fates,Demote Seasonal,5,20,41,35,39,25,28,168,No,
Keaton,Resolved Wolfskin,Green,Beast,Inf,Fates,Grail,5,20,48,41,24,43,20,176,No,
Velouria,Renewed Wolfpup,Blue,Beast,Inf,Fates,Seasonal,5,20,41,38,40,34,23,176,No,
Bernadetta,Frosty Shut-In,Green,Tome,Cav,Three Houses,Seasonal,5,20,39,36,40,19,23,157,No,
Felix,Icy Gift Giver,Blue,Bow,Armor,Three Houses,Grail,5,20,44,38,37,32,29,180,No,
Hilda,Holiday Layabout,Blue,Lance,Armor,Three Houses,Demote Seasonal,5,20,44,39,38,37,26,184,No,
Kris,Ardent Firebrand,Green,Axe,Cav,Shadow Dragon / (New) Mystery,Grail,5.01,20,41,37,37,31,22,168,No,
Katarina,Torchlit Wanderer,Blue,Tome,Flyer,Shadow Dragon / (New) Mystery,Seasonal,5.01,20,39,37,43,16,28,163,No,
Asbel,Windswept Youth,Green,Tome,Inf,Thracia 776,Five-star Regular,5.01,20,40,36,42,21,26,165,No,
Ronan,Villager of Iz,Blue,Bow,Inf,Thracia 776,Five-star Regular,5.01,20,38,34,40,17,42,171,No,
Miranda,Willful Princess,Red,Tome,Inf,Thracia 776,Demote Regular,5.01,20,38,36,35,21,36,166,No,
Veld,Manfroy's Rock,Red,Tome,Inf,Thracia 776,Grail,5.01,20,43,38,26,22,36,165,No,
Sara,Lady of Loptr,Cless,Staff,Inf,Thracia 776,Five-star Regular,5.01,20,35,40,37,16,37,165,No,
Tharja,Florid Charmer,Green,Tome,Flyer,Awakening,Seasonal,5.01,20,40,39,41,19,22,161,No,
Seiros,Saint of Legend,Blue,Dragon,Inf,Three Houses,Mythic,5.01,20,40,42,18,37,40,177,No,
Dorothea,Twilit Harmony,Red,Tome,Flyer,Three Houses,Harmonic,5.01,20,37,38,35,16,26,152,Yes,Genealogy of the Holy War
Raphael,Muscle-Monger,Cless,Bow,Armor,Three Houses,Demote Seasonal,5.01,20,48,42,28,38,23,179,No,
Alfonse,Uplifting Love,Green,Tome,Armor,Heroes,Demote Seasonal,5.02,20,43,38,25,37,31,174,No,
Gustav,Majestic Love,Green,Axe,Armor,Heroes,Seasonal,5.02,20,49,41,18,46,31,185,No,
Henriette,Overflowing Love,Red,Tome,Armor,Heroes,Seasonal,5.02,20,42,40,18,35,40,175,No,
Veronica,Bestowed Love,Blue,Tome,Cav,Heroes,Grail,5.02,20,40,36,38,21,22,157,No,
Lif,Undying Ties Duo,Red,Tome,Cav,Heroes,Duo,5.02,20,39,39,25,30,25,158,No,
Azelle,Youthful Flame,Red,Tome,Inf,Genealogy of the Holy War,Five-star Regular,5.02,20,41,37,39,26,23,166,No,
Lex,Young Blade,Green,Axe,Cav,Genealogy of the Holy War,Demote Regular,5.02,20,45,36,30,38,19,168,No,
Annand,Knight-Defender,Red,Sword,Flyer,Genealogy of the Holy War,Five-star Regular,5.02,20,37,35,39,27,34,172,No,
Dithorba,Cutting Knight,Blue,Lance,Flyer,Genealogy of the Holy War,Grail,5.02,20,43,35,38,23,33,172,No,
Erinys,Earnest Knight,Blue,Lance,Flyer,Genealogy of the Holy War,Five-star Regular,5.02,20,39,37,41,32,23,172,No,
Claude,King of Unification,Cless,Bow,Flyer,Three Houses,Legendary,5.02,20,41,37,41,23,24,166,No,
Dagr,Sun's Radiance,Green,Axe,Inf,Heroes,Mythic,5.03,20,41,39,41,30,25,176,No,
Minerva,Verdant Dragoon,Blue,Lance,Cav,Shadow Dragon / (New) Mystery,Demote Seasonal,5.03,20,41,36,38,35,18,168,No,
Myrrh,Spring Harmony,Cless,Dragon,Flyer,Sacred Stones,Harmonic,5.03,20,40,38,25,40,35,178,No,Awakening
Saleh,Vernal Sage,Green,Axe,Cav,Sacred Stones,Grail,5.03,20,41,37,36,26,28,168,No,
Inigo,Festival Flower,Green,Bow,Flyer,Awakening,Seasonal,5.03,20,40,38,40,22,27,167,No,
Severa,Bitter Blossom,Red,Tome,Cav,Awakening,Seasonal,5.03,20,39,37,40,24,17,157,No,
Linhardt,Hevring's Heir,Cless,Staff,Inf,Three Houses,Demote Regular,5.03,20,39,34,25,30,38,166,No,
Dedue,Dimitri's Vassal,Green,Axe,Armor,Three Houses,Five-star Regular,5.03,20,50,45,17,45,28,185,No,
Ingrid,Galatea's Heir,Blue,Lance,Cav,Three Houses,Five-star Regular,5.03,20,37,35,40,28,27,167,No,
Marianne,Adopted Daughter,Blue,Tome,Inf,Three Houses,Five-star Regular,5.03,20,36,41,32,17,39,165,No,
Solon,Church Shadow,Red,Tome,Inf,Three Houses,Grail,5.03,20,45,38,20,24,38,165,No,
Sigurd,Fated Holy Knight,Red,Sword,Cav,Genealogy of the Holy War,Legendary,5.04,20,41,41,23,37,26,168,No,
Pent,Mage General,Green,Tome,Inf,Blazing Blade,Five-star Regular,5.04,20,40,38,39,19,30,166,No,
Louise,Lady of Violets,Cless,Bow,Inf,Blazing Blade,Five-star Regular,5.04,20,41,37,42,16,36,172,No,
Erk,Studious Mage,Red,Tome,Inf,Blazing Blade,Demote Regular,5.04,20,45,35,39,19,27,165,No,
Farina,The Great Wing,Blue,Lance,Flyer,Blazing Blade,Five-star Regular,5.04,20,39,36,38,30,30,173,No,
Sonia,Inhuman Beauty,Blue,Tome,Inf,Blazing Blade,Grail,5.04,20,40,35,24,32,35,166,No,
Eirika,Twin Refulgence,Red,Sword,Inf,Sacred Stones,Duo,5.04,20,40,36,43,30,28,177,No,
Innes,Frelian Moonlight,Cless,Bow,Inf,Sacred Stones,Grail,5.04,20,43,37,38,26,27,171,No,
Tana,Frelian Starlight,Blue,Lance,Flyer,Sacred Stones,Seasonal,5.04,20,40,39,41,29,23,172,No,
Lyon,Grado's Gaze,Blue,Tome,Inf,Sacred Stones,Demote Seasonal,5.04,20,38,38,18,34,37,165,No,
L'Arachel,Seeker of Justice,Cless,Staff,Cav,Sacred Stones,Seasonal,5.04,20,36,37,38,16,30,157,No,
Catria,Azure Wing Pair,Green,Axe,Flyer,Echoes: Shadows of Valentia,Harmonic,5.05,20,40,40,41,28,23,172,No,Binding Blade
Saul,Minister of Love,Cless,Staff,Cav,Binding Blade,Seasonal,5.05,20,37,33,37,16,35,158,No,
Zelot,Avowed Groom,Green,Axe,Cav,Binding Blade,Grail,5.05,20,41,37,25,39,25,167,No,
Juno,Soaring Bride,Blue,Tome,Flyer,Binding Blade,Demote Seasonal,5.05,20,38,36,38,22,26,160,No,
Shanna,Bridal Novice,Red,Bow,Flyer,Binding Blade,Seasonal,5.05,20,37,38,42,23,27,167,No,
Orson,Passion's Folly,Blue,Lance,Cav,Sacred Stones,Grail,5.05,20,43,38,28,36,23,168,No,
Ashera,Order Goddess,Cless,Tome,Inf,Radiant Dawn,Mythic,5.05,20,37,35,39,15,40,166,No,
Morgan,Fated Darkness,Red,Tome,Inf,Awakening,Five-star Regular,5.05,20,38,37,17,35,38,165,No,
Morgan,Devoted Darkness,Green,Axe,Flyer,Awakening,Five-star Regular,5.05,20,40,39,17,41,35,172,No,
Edelgard,Hegemon Husk,Cless,Beast,Armor,Three Houses,Five-star Regular,5.05,20,45,42,14,44,39,184,No,
Dimitri,Savage Boar,Blue,Lance,Inf,Three Houses,Five-star Regular,5.05,20,40,42,40,38,17,177,No,
Nott,Moon's Elegance,Blue,Lance,Inf,Heroes,Mythic,5.06,20,40,41,40,28,27,176,No,
Luthier,Odd Wayfarer,Green,Tome,Inf,Echoes: Shadows of Valentia,Demote Regular,5.06,20,43,37,36,20,30,166,No,
Palla,Kind Eldest Sister,Red,Sword,Flyer,Echoes: Shadows of Valentia,Five-star Regular,5.06,20,41,42,21,41,28,173,No,
Tatiana,Devoted Saint,Blue,Tome,Inf,Echoes: Shadows of Valentia,Demote Regular,5.06,20,40,37,34,15,39,165,No,
Zeke,Past Unknown,Blue,Lance,Cav,Echoes: Shadows of Valentia,Five-star Regular,5.06,20,40,40,15,38,35,168,No,
Fernand,Traitorous Knight,Blue,Lance,Cav,Echoes: Shadows of Valentia,Grail,5.06,20,45,41,26,32,23,167,No,
Byleth,The Fodlan Star,Green,Tome,Inf,Three Houses,Legendary,5.06,20,40,39,41,25,21,166,No,
Caspar,Summer Intensity,Green,Axe,Inf,Three Houses,Demote Seasonal,5.06,20,46,41,36,30,23,176,No,
Ashe,Fabled Sea Knight,Blue,Lance,Cav,Three Houses,Seasonal,5.06,20,40,37,41,32,18,168,No,
Mercedes,Unfussed Basker,Red,Tome,Cav,Three Houses,Seasonal,5.06,20,38,39,25,17,38,157,No,
Hilda,Deer's Two-Piece,Cless,Staff,Flyer,Three Houses,Duo,5.06,20,39,37,40,20,25,161,No,
Leonie,Relentless Rays,Cless,Bow,Cav,Three Houses,Grail,5.06,20,41,36,39,27,19,162,No,
Nifl,God of Ice,Blue,Dragon,Cav,Heroes,Five-star Regular,5.07,20,39,38,40,27,23,167,No,
Freyr,Estival Dreams,Red,Beast,Cav,Heroes,Seasonal,5.07,20,41,38,16,38,35,168,No,
Freyja,Fleeting Summer,Cless,Beast,Cav,Heroes,Seasonal,5.07,20,40,39,43,25,20,167,No,
Norne,Seaside Volunteer,Blue,Lance,Inf,Shadow Dragon / (New) Mystery,Grail,5.07,20,42,37,39,31,27,176,No,
Caeda,Sea-Blossom Pair,Green,Axe,Cav,Shadow Dragon / (New) Mystery,Harmonic,5.07,20,39,33,42,26,28,168,No,Heroes
Ogma,Blade on Leave,Blue,Lance,Inf,Shadow Dragon / (New) Mystery,Demote Seasonal,5.07,20,44,38,38,35,21,176,No,
Ullr,The Bowmaster,Blue,Bow,Inf,Genealogy of the Holy War,Mythic,5.07,20,39,42,41,30,19,171,No,
Orochi,Merry Diviner,Green,Tome,Inf,Fates,Demote Regular,5.07,20,40,40,24,24,37,165,No,
Benny,Sensitive Soul,Blue,Lance,Armor,Fates,Demote Regular,5.07,20,48,35,23,44,34,184,No,
Charlotte,Wily Warrior,Green,Axe,Inf,Fates,Five-star Regular,5.07,20,48,43,41,25,18,175,No,
Nyx,Rulebreaker Mage,Red,Tome,Inf,Fates,Five-star Regular,5.07,20,36,42,40,19,28,165,No,
Arete,Requiem's Beauty,Red,Tome,Cav,Fates,Grail,5.07,20,41,36,27,20,34,158,No,
Surtr,Pirate of Red Sky,Blue,Lance,Armor,Heroes,Seasonal,5.08,20,45,45,16,44,36,186,No,
Marth,Prince of Light,Red,Sword,Inf,Shadow Dragon / (New) Mystery,Brave,5.08,15,41,41,43,32,25,182,No,
Lifis,Terror of Iz,Green,Axe,Inf,Thracia 776,Grail,5.08,20,47,36,40,30,23,176,No,
Eirika,Pledged Restorer,Blue,Lance,Cav,Sacred Stones,Brave,5.08,15,39,40,42,28,24,173,No,
Micaiah,Radiant Queen,Cless,Tome,Inf,Radiant Dawn,Legendary,5.08,15,38,42,31,19,41,171,No,
Pelleas,Ashnard's Orphan,Red,Tome,Inf,Radiant Dawn,Grail,5.08,15,43,40,36,21,31,171,No,
Naesala,Sea's Shadow,Red,Beast,Flyer,Radiant Dawn,Seasonal,5.08,20,42,39,43,23,25,172,No,
Vika,Sea-Dark Wing,Cless,Beast,Flyer,Radiant Dawn,Demote Seasonal,5.08,20,41,34,40,17,40,172,No,
Hinoka,Fair Pirate Pair,Green,Bow,Flyer,Fates,Duo,5.08,20,40,40,40,23,23,166,No,
Marianne,Serene Adherent,Cless,Tome,Inf,Three Houses,Brave,5.08,15,38,40,41,17,35,171,No,
Gatekeeper,Nothing to Report,Green,Tome,Inf,Three Houses,Brave,5.08,15,41,37,17,40,36,171,No,
Muspell,Flame God,Red,Dragon,Cav,Heroes,Five-star Regular,5.09,15,40,41,16,39,37,173,No,
Otr,Kingsbrother,Green,Axe,Cav,Heroes,Mythic,5.09,15,41,41,17,40,35,174,No,
Lewyn,Wind-Song Scion,Blue,Tome,Inf,Genealogy of the Holy War,Demote Seasonal,5.09,15,40,38,40,19,34,171,No,
Larcei,Scion of Astra,Green,Axe,Inf,Genealogy of the Holy War,Seasonal,5.09,15,40,39,42,33,28,182,No,
Julia,Scion of the Saint,Red,Tome,Flyer,Genealogy of the Holy War,Seasonal,5.09,15,39,42,35,16,35,167,No,
Leif,Destined Scions,Cless,Bow,Cav,Thracia 776,Harmonic,5.09,15,40,40,41,27,20,168,No,Genealogy of the Holy War
Nanna,Mystletainn Scion,Cless,Staff,Flyer,Thracia 776,Grail,5.09,15,40,35,41,23,28,167,No,
Yuri,Ashen Valiant,Cless,Dagger,Inf,Three Houses,Five-star Regular,5.09,15,40,39,43,26,29,177,No,
Balthus,King of Grappling,Green,Axe,Inf,Three Houses,Demote Regular,5.09,15,47,42,24,37,31,181,No,
Constance,Fallen Noble,Red,Tome,Flyer,Three Houses,Five-star Regular,5.09,15,39,42,40,17,29,167,No,
Hapi,Drawn-Out Sigh,Blue,Tome,Cav,Three Houses,Five-star Regular,5.09,15,40,42,26,16,39,163,No,
Aelfric,Custodian Monk,Red,Tome,Inf,Three Houses,Grail,5.09,15,43,40,31,20,37,171,No,
Fjorm,Ice Ascendant,Green,Axe,Armor,Heroes,Ascendant,5.1,15,43,39,41,31,36,190,No,
Wolf,Coyote's Loyal,Cless,Bow,Cav,Shadow Dragon / (New) Mystery,Five-star Regular,5.1,15,40,39,42,28,20,169,No,
Sedgar,Coyote's Dutiful,Green,Bow,Cav,Shadow Dragon / (New) Mystery,Grail,5.1,15,41,36,39,27,24,167,No,
Vyland,Coyote's Justice,Green,Axe,Cav,Shadow Dragon / (New) Mystery,Demote Regular,5.1,15,47,41,30,36,19,173,No,
Roshea,Coyote's Faithful,Blue,Lance,Cav,Shadow Dragon / (New) Mystery,Demote Regular,5.1,15,41,38,35,38,21,173,No,
Malice,Deft Sellsword,Red,Sword,Inf,Shadow Dragon / (New) Mystery,Five-star Regular,5.1,15,40,39,43,32,28,182,No,
Sophia,Cobweb Prophet,Blue,Tome,Flyer,Binding Blade,Grail,5.1,15,37,38,23,27,42,167,No,
Fae,Childlike Dragon,Blue,Dragon,Inf,Binding Blade,Legendary,5.1,15,40,42,28,37,41,188,No,
Kurthnaga,Autumn Goldoan,Red,Dragon,Inf,Radiant Dawn,Demote Seasonal,5.1,15,45,39,27,36,35,182,No,
Robin,Fall Reincarnation,Cless,Dragon,Armor,Awakening,Seasonal,5.1,15,46,43,21,43,37,190,No,
Sothis,Bound-Spirit Duo,Blue,Dragon,Flyer,Three Houses,Duo,5.1,15,40,36,42,31,34,183,No,
Rhea,Witch of Creation,Green,Dragon,Inf,Three Houses,Seasonal,5.1,15,40,43,18,39,42,182,No,
Laegjarn,Flame Ascendant,Cless,Bow,Cav,Heroes,Ascendant,5.11,15,40,39,41,30,18,168,No,
Thorr,War God,Green,Axe,Flyer,Heroes,Mythic,5.11,15,40,44,19,41,34,178,No,
Eitri,Youthful Sage,Green,Tome,Flyer,Heroes,Legendary,5.11,15,37,41,29,30,31,168,No,
Igrene,Ninja of Nabata,Cless,Dagger,Flyer,Binding Blade,Seasonal,5.11,15,40,43,38,22,30,173,No,
Bertram,Dread Cavalier,Red,Sword,Cav,Path of Radiance,Grail,5.11,15,45,37,27,38,26,173,No,
Tanith,Bright Blade,Red,Sword,Flyer,Path of Radiance,Demote Regular,5.11,15,41,36,40,32,28,177,No,
Marcia,Petulant Knight,Blue,Lance,Flyer,Path of Radiance,Demote Regular,5.11,15,41,37,41,32,26,177,No,
Astrid,Resolute Damsel,Green,Bow,Cav,Path of Radiance,Five-star Regular,5.11,15,38,39,41,27,23,168,No,
Volke,Man of Mysteries,Red,Dagger,Inf,Path of Radiance,Five-star Regular,5.11,15,40,41,43,28,25,177,No,
Shinon,Sharptongue Ninja,Red,Bow,Inf,Radiant Dawn,Seasonal,5.11,15,40,40,43,28,26,177,No,
Corrin,Daylight Ninja Act,Blue,Lance,Inf,Fates,Demote Seasonal,5.11,15,41,40,38,35,28,182,No,
Corrin,Nightfall Ninja Act,Green,Tome,Cav,Fates,Duo,5.11,15,38,41,40,23,20,162,No,
Shamir,Lone-Moon Ninja,Green,Axe,Inf,Three Houses,Grail,5.11,15,42,37,40,31,32,182,No,
Mirabilis,Sugarplum Vision,Blue,Dagger,Flyer,Heroes,Seasonal,6,15,39,36,17,34,36,162,Yes,
Reginn,Bearing Dawn,Blue,Tome,Cav,Heroes,Seasonal,6,15,37,38,40,23,24,162,No,
Fafnir,Fresh Ambition,Red,Dagger,Cav,Heroes,Seasonal,6,15,40,43,39,31,16,169,No,
Dagr,New Year Jotnar,Green,Bow,Flyer,Heroes,Duo,6,15,40,41,42,27,22,172,No,
Ash,Retainer to Askr,Cless,Beast,Inf,Heroes,Mythic,6,15,41,39,27,41,34,182,No,
Artur,Silver Saint,Green,Tome,Armor,Sacred Stones,Seasonal,6,15,43,41,19,35,41,179,No,
Kyza,Tiger of Fortune,Red,Beast,Inf,Radiant Dawn,Grail,6,15,45,39,26,41,30,181,No,
Lyre,Lap Cat of Luxury,Cless,Beast,Cav,Radiant Dawn,Demote Seasonal,6,15,40,37,42,27,28,174,No,
Miriel,Rapier Intellect,Blue,Tome,Inf,Awakening,Demote Regular,6,15,37,37,40,25,31,170,No,
Basilio,Feroxi West-Khan,Green,Axe,Inf,Awakening,Demote Regular,6,15,48,43,33,36,21,181,No,
Flavia,Feroxi East-Khan,Red,Sword,Inf,Awakening,Five-star Regular,6,15,41,40,41,36,23,181,No,
Yen'fay,Blade Legend,Red,Sword,Inf,Awakening,Grail,6,15,43,37,42,32,28,182,No,
Priam,Radiant Hero,Red,Sword,Inf,Awakening,Five-star Regular,6,15,40,41,40,35,26,182,No,
Byleth,The Fodlan Light,Blue,Tome,Inf,Three Houses,Legendary,6,15,40,39,43,23,26,171,No,
Ignatz,Snowscape Artist,Cless,Bow,Armor,Three Houses,Grail,6,15,42,35,40,31,37,185,No,
Lysithea,Gifted Students,Cless,Tome,Cav,Three Houses,Harmonic,6,15,38,42,40,19,23,162,No,Sacred Stones
Manuela,Silver Caroler,Red,Sword,Armor,Three Houses,Demote Seasonal,6,15,42,37,42,38,31,190,No,
Xane,Desert Mirage,Cless,Staff,Inf,Shadow Dragon / (New) Mystery,Demote Seasonal,6.01,15,47,30,36,23,35,171,No,
Deen,Bladed Sandstorm,Cless,Dagger,Cav,Echoes: Shadows of Valentia,Grail,6.01,15,43,36,39,27,23,168,No,
Elimine,Scouring Saint,Cless,Staff,Flyer,Binding Blade,Mythic,6.01,15,36,34,40,16,41,167,No,
Karla,Sun-Piercing Steel,Blue,Lance,Inf,Blazing Blade,Seasonal,6.01,15,41,40,42,31,28,182,No,
Colm,Capable Thief,Blue,Dagger,Inf,Sacred Stones,Demote Regular,6.01,15,43,36,41,24,32,176,No,
Neimi,Tearful Archer,Red,Bow,Inf,Sacred Stones,Five-star Regular,6.01,15,39,39,42,21,35,176,No,
Riev,Blood Beryl,Blue,Tome,Inf,Sacred Stones,Grail,6.01,15,43,39,25,23,40,170,No,
Joshua,Resolute Tempest,Cless,Dagger,Inf,Sacred Stones,Ascendant,6.01,15,41,39,43,29,25,177,No,
Rennac,"Rich ""Merchant""",Green,Dagger,Inf,Sacred Stones,Five-star Regular,6.01,15,39,37,42,34,25,177,No,
Nailah,Hatari Scorcher,Red,Beast,Inf,Radiant Dawn,Seasonal,6.01,15,40,39,43,35,25,182,No,
Azura,Hatari Duet,Green,Tome,Cav,Fates,Harmonic,6.01,15,37,37,39,16,23,152,Yes,Path of Radiance
Caeda,Beloved Queen,Blue,Lance,Flyer,Shadow Dragon / (New) Mystery,Legendary,6.02,15,39,38,43,27,31,178,No,
Niime,Mountain Hermit,Cless,Tome,Inf,Binding Blade,Five-star Regular,6.02,15,36,42,33,17,43,171,No,
Hugh,Worldly Mage,Red,Tome,Inf,Binding Blade,Five-star Regular,6.02,15,40,38,42,27,24,171,No,
Gonzalez,Kindly Bandit,Green,Axe,Inf,Binding Blade,Grail,6.02,15,50,42,35,33,21,181,No,
Idunn,Divine Demon,Blue,Dragon,Armor,Binding Blade,Ascendant,6.02,15,45,43,26,43,38,195,No,
Cath,Master Thief,Green,Dagger,Inf,Binding Blade,Demote Regular,6.02,15,41,36,43,27,30,177,No,
Chrom,Fate-Defying Duo,Red,Bow,Inf,Awakening,Duo,6.02,15,40,44,27,40,26,177,No,
Robin,Tactful Deliverer,Cless,Tome,Armor,Awakening,Seasonal,6.02,15,42,41,16,39,42,180,No,
Lissa,Sweet Celebrant,Cless,Staff,Armor,Awakening,Grail,6.02,15,42,35,25,37,40,179,No,
Lucina,Future Fondness,Green,Axe,Armor,Awakening,Seasonal,6.02,15,41,39,42,37,31,190,No,
Owain,Devoted Defender,Blue,Lance,Cav,Awakening,Demote Seasonal,6.02,15,41,38,42,31,21,173,No,
Maria,Sunny Smile,Green,Axe,Flyer,Shadow Dragon / (New) Mystery,Seasonal,6.03,15,35,37,40,40,25,177,No,
Luthier,Spring Hopes,Blue,Lance,Cav,Echoes: Shadows of Valentia,Grail,6.03,15,41,38,36,31,27,173,No,
Delthea,Prodigy in Bloom,Blue,Tome,Cav,Echoes: Shadows of Valentia,Seasonal,6.03,15,36,43,40,16,28,163,No,
Sonya,Dazzling Rabbits,Green,Tome,Flyer,Echoes: Shadows of Valentia,Harmonic,6.03,15,40,42,41,23,20,166,No,Awakening
Nanna,Beloved Princess,Red,Sword,Cav,Thracia 776,Legendary,6.03,15,40,39,42,27,25,173,No,
Mareeta,Astra Awakened,Red,Sword,Inf,Thracia 776,Ascendant,6.03,15,40,40,43,34,25,182,No,
August,Astute Tactician,Cless,Staff,Inf,Thracia 776,Five-star Regular,6.03,15,40,40,17,32,43,172,No,
Karin,Driven Knight,Blue,Lance,Flyer,Thracia 776,Demote Regular,6.03,15,41,37,42,26,31,177,No,
Salem,Dark Sage,Red,Tome,Inf,Thracia 776,Grail,6.03,15,41,38,36,18,38,171,No,
Galzus,Dark Blade of Od,Red,Sword,Inf,Thracia 776,Five-star Regular,6.03,15,40,43,41,36,22,182,No,
Henry,Peculiar Egg,Cless,Bow,Cav,Awakening,Demote Seasonal,6.03,15,41,37,27,40,23,168,No,
Medeus,Earth-Dragon King,Cless,Dragon,Inf,Shadow Dragon / (New) Mystery,Mythic,6.04,15,40,44,18,38,43,183,No,
Scathach,Astra's Wake,Red,Sword,Inf,Genealogy of the Holy War,Demote Regular,6.04,15,43,42,30,43,24,182,No,
Arthur,Furious Mage,Green,Tome,Inf,Genealogy of the Holy War,Five-star Regular,6.04,15,40,42,41,30,18,171,No,
Tine,Rumbling Thunder,Cless,Tome,Inf,Genealogy of the Holy War,Five-star Regular,6.04,15,38,42,42,23,26,171,No,
Ishtar,Echoing Thunder,Blue,Tome,Inf,Genealogy of the Holy War,Ascendant,6.04,15,40,41,43,17,31,172,No,
Hilda,Queen of Friege,Red,Tome,Inf,Genealogy of the Holy War,Grail,6.04,15,41,40,25,24,40,170,No,
Ike,Close-Knit Siblings,Red,Sword,Inf,Path of Radiance,Duo,6.04,15,40,42,42,32,26,182,No,
Soren,Hushed Voice,Cless,Tome,Inf,Path of Radiance,Seasonal,6.04,15,36,42,34,16,43,171,No,
Boyd,Future Great,Green,Axe,Inf,Path of Radiance,Grail,6.04,15,50,43,36,31,21,181,No,
Mia,Budding Blade,Red,Sword,Inf,Path of Radiance,Seasonal,6.04,15,40,41,43,32,27,183,No,
Ilyana,Awakened Appetite,Green,Tome,Inf,Path of Radiance,Demote Seasonal,6.04,15,40,41,30,18,42,171,No,
Gustav,Sovereign Slain,Green,Axe,Cav,Heroes,Five-star Regular,6.05,15,40,41,25,38,30,174,No,
Roy,Blazing Bachelors,Green,Axe,Cav,Binding Blade,Harmonic,6.05,15,39,38,42,30,25,174,No,Blazing Blade
Lilina,Beaming Bride,Blue,Tome,Cav,Binding Blade,Seasonal,6.05,15,39,44,22,16,42,163,No,
Cecilia,Etrurian Bride,Red,Tome,Cav,Binding Blade,Demote Seasonal,6.05,15,40,41,25,18,38,162,No,
Larum,Dancing Bride,Blue,Lance,Flyer,Binding Blade,Grail,6.05,15,38,32,40,26,31,167,Yes,
Sophia,Prescient Bride,Red,Tome,Flyer,Binding Blade,Seasonal,6.05,15,38,40,19,36,34,167,No,
Ninian,Frozen Heart,Blue,Dragon,Inf,Blazing Blade,Five-star Regular,6.05,15,45,27,40,23,36,171,Yes,
Myrrh,Guardian Dragon,Blue,Dragon,Flyer,Sacred Stones,Legendary,6.05,15,40,39,25,42,36,182,No,
Muarim,Raw Instinct,Blue,Beast,Inf,Radiant Dawn,Grail,6.05,15,45,43,40,31,23,182,No,
Lilith,Silent Broodling,Red,Dragon,Flyer,Fates,Five-star Regular,6.05,15,39,40,43,29,33,184,No,
Rhea,Immaculate One,Cless,Dragon,Armor,Three Houses,Five-star Regular,6.05,15,46,43,18,40,43,190,No,
Letizia,Curse Director,Green,Tome,Cav,Heroes,Five-star Regular,6.06,15,38,40,16,35,34,163,No,
Sain,Green Lance,Blue,Lance,Cav,Blazing Blade,Five-star Regular,6.06,15,40,42,38,36,18,174,No,
Kent,Crimson Shield,Red,Sword,Cav,Blazing Blade,Demote Regular,6.06,15,42,37,40,30,24,173,No,
Florina,Azure-Sky Knight,Cless,Bow,Flyer,Blazing Blade,Ascendant,6.06,15,39,37,43,22,31,172,No,
Guy,Kutolah Blade,Red,Sword,Inf,Blazing Blade,Demote Regular,6.06,15,44,37,43,33,25,182,No,
Limstella,Living Construct,Green,Tome,Inf,Blazing Blade,Grail,6.06,15,41,39,23,32,36,171,No,
Micaiah,Wavecrest Maiden,Cless,Tome,Cav,Radiant Dawn,Seasonal,6.06,15,38,42,30,16,37,163,No,
Elincia,Seaside Queen,Blue,Bow,Flyer,Radiant Dawn,Grail,6.06,15,38,36,40,25,33,172,No,
Xander,Gallant King,Green,Axe,Cav,Fates,Legendary,6.06,15,40,42,41,35,17,175,No,
Edelgard,Sun Empresses,Red,Sword,Armor,Three Houses,Harmonic,6.06,15,46,45,17,43,39,190,No,Radiant Dawn
Dimitri,Sky-Blue Lion,Green,Axe,Cav,Three Houses,Seasonal,6.06,15,40,42,40,35,17,174,No,
Claude,Tropical Trouble,Blue,Dagger,Flyer,Three Houses,Demote Seasonal,6.06,15,41,38,42,25,26,172,No,
Nifl,Tropical Ice God,Cless,Dragon,Cav,Heroes,Seasonal,6.07,15,39,38,43,28,26,174,No,
Ymir,Life-Mother,Green,Dragon,Cav,Heroes,Five-star Regular,6.07,15,38,40,26,35,34,173,No,
Thorr,Sun-Kissed Gods,Blue,Tome,Flyer,Heroes,Duo,6.07,15,40,43,16,30,38,167,No,
Askr,God of Openness,Cless,Beast,Inf,Heroes,Mythic,6.07,15,40,43,26,43,31,183,No,
Celica,Valentia's Hope,Cless,Tome,Inf,Echoes: Shadows of Valentia,Ascendant,6.07,15,40,43,42,21,25,171,No,
Kamui,Wandering Blade,Red,Sword,Inf,Echoes: Shadows of Valentia,Demote Regular,6.07,15,44,38,41,36,22,181,No,
Est,Sweet Baby Sis,Blue,Lance,Flyer,Echoes: Shadows of Valentia,Five-star Regular,6.07,15,35,41,38,25,37,176,No,
Atlas,Forest Muscle,Green,Axe,Inf,Echoes: Shadows of Valentia,Demote Regular,6.07,15,46,43,37,34,27,187,No,
Brigand Boss,Known Criminal,Green,Axe,Inf,Echoes: Shadows of Valentia,Grail,6.07,15,45,42,35,35,24,181,No,
Eirika,Beach Restorer,Green,Tome,Flyer,Sacred Stones,Seasonal,6.07,15,39,39,42,25,22,167,No,
Seth,Silver-Sea Knight,Green,Axe,Cav,Sacred Stones,Grail,6.07,15,40,40,38,31,24,173,No,
Lyon,Sunlit Prince,Red,Sword,Inf,Sacred Stones,Demote Seasonal,6.07,15,42,42,21,37,39,181,No,
Rickard,Carefree Culprit,Red,Sword,Flyer,Shadow Dragon / (New) Mystery,Grail,6.08,15,38,38,42,33,25,176,No,
Deirdre,Fated Saint,Blue,Tome,Inf,Genealogy of the Holy War,Legendary,6.08,10,40,43,32,19,43,177,No,
Seliph,Enduring Legacy,Red,Sword,Cav,Genealogy of the Holy War,Brave,6.08,10,40,43,41,37,18,179,No,
Cath,Caper Captain,Blue,Tome,Cav,Binding Blade,Seasonal,6.08,15,39,37,43,21,22,162,No,
Leila,Keen Lookout,Red,Tome,Flyer,Blazing Blade,Seasonal,6.08,15,40,38,43,20,25,166,No,
Sothe,Rushing Dawn,Green,Dagger,Flyer,Radiant Dawn,Demote Seasonal,6.08,15,41,39,41,28,23,172,No,
Chrom,Fated Honor,Blue,Lance,Cav,Awakening,Brave,6.08,10,41,42,42,37,17,179,No,
Tiki,Fated Divinity,Green,Dragon,Inf,Awakening,Brave,6.08,10,40,43,27,37,41,188,No,
Nina,Shadowy Figures,Cless,Dagger,Cav,Fates,Duo,6.08,15,38,37,43,18,32,168,No,
Byleth,Sublime Light,Cless,Tome,Flyer,Three Houses,Brave,6.08,10,39,41,43,26,24,173,No,
Jeralt,Blade Breaker,Blue,Lance,Cav,Three Houses,Grail,6.08,10,41,43,26,39,30,179,No,
Muspell,Raging Inferno,Cless,Dragon,Cav,Heroes,Seasonal,6.09,10,40,43,26,41,30,180,No,
Lif,Arcane Blade,Red,Sword,Cav,Heroes,Rearmed,6.09,10,41,43,29,41,26,180,No,
Lyn,Blazing Whirlwind,Blue,Lance,Inf,Blazing Blade,Seasonal,6.09,10,39,38,44,34,32,187,No,
Ninian,Ice-Dragon Oracle,Green,Dragon,Cav,Blazing Blade,Legendary,6.09,10,44,37,41,22,24,168,Yes,
Tana,Soothing Warmth,Green,Dagger,Flyer,Sacred Stones,Harmonic,6.09,10,39,39,42,26,32,178,No,Heroes
Mordecai,Gentle Firetender,Green,Beast,Inf,Radiant Dawn,Grail,6.09,10,48,43,29,43,24,187,No,
Rinkah,Consuming Flame,Red,Sword,Inf,Fates,Demote Seasonal,6.09,10,40,37,41,44,25,187,No,
Hilda,Helping Hand,Green,Axe,Inf,Three Houses,Ascendant,6.09,10,42,42,43,34,26,187,No,
Shez,Rising Mercenary,Red,Sword,Inf,Three Houses,Five-star Regular,6.09,10,40,43,41,37,26,187,No,
Shez,Keen Mercenary,Green,Axe,Inf,Three Houses,Demote Regular,6.09,10,38,41,42,32,34,187,No,
Monica,Favored Vassal,Blue,Tome,Inf,Three Houses,Five-star Regular,6.09,10,40,38,43,24,31,176,No,
Holst,Hero of Leicester,Red,Sword,Inf,Three Houses,Grail,6.09,10,42,43,41,35,26,187,No,
Naga,Harvest Divinity,Cless,Dragon,Flyer,Shadow Dragon / (New) Mystery,Demote Seasonal,6.1,10,38,42,31,35,37,183,No,Awakening
Duma,Strength and Love,Red,Dragon,Armor,Echoes: Shadows of Valentia,Duo,6.1,10,47,46,19,40,43,195,No,
Nils,Wandering Star,Green,Dragon,Inf,Blazing Blade,Grail,6.1,10,44,35,41,21,35,176,Yes,
Corrin,Celestial Sorcerer,Green,Dragon,Inf,Fates,Seasonal,6.1,10,44,44,21,44,39,192,No,
Corrin,Starry Seer,Blue,Dragon,Inf,Fates,Seasonal,6.1,10,40,42,45,36,30,193,No,
Robin,Fell Tactician,Cless,Dragon,Armor,Awakening,Rearmed,6.1,10,43,41,44,35,33,196,No,
Gregor,Swell Sword,Red,Sword,Inf,Awakening,Five-star Regular,6.1,10,40,44,37,43,23,187,No,
Phila,Pegasus Master,Blue,Lance,Flyer,Awakening,Demote Regular,6.1,10,38,37,42,26,40,183,No,
Eir,Life Ascendant,Green,Dagger,Cav,Heroes,Ascendant,6.1,10,35,42,45,16,35,173,No,
Ricken,Shepherd Novice,Green,Tome,Inf,Awakening,Demote Regular,6.1,10,40,43,39,24,30,176,No,
Cervantes,Invincible General,Blue,Lance,Armor,Awakening,Grail,6.1,10,50,45,31,44,25,195,No,
Arval,Cycle Keeper,Cless,Tome,Inf,Three Houses,Mythic,6.1,10,40,44,27,23,43,177,No,
Laegjarn,Flame and Frost,Blue,Bow,Flyer,Heroes,Duo,6.11,10,40,44,19,37,38,178,No,
Camilla,Midnight Bloom,Red,Tome,Flyer,Fates,Seasonal,6.11,10,38,43,19,32,40,172,No,
Cherche,Shaded by Wings,Green,Axe,Flyer,Awakening,Seasonal,6.11,10,43,44,20,44,32,183,No,
Heath,Wyvern Ninja,Cless,Bow,Flyer,Blazing Blade,Demote Seasonal,6.11,10,42,43,23,40,30,178,No,
Haar,Tempest Runner,Red,Sword,Flyer,Radiant Dawn,Grail,6.11,10,44,42,24,44,28,182,No,
Ganglot,Death Anew,Green,Axe,Inf,Heroes,Rearmed,6.11,10,40,44,30,38,35,187,No,
Tiki,Awakened Blood,Red,Dragon,Inf,Shadow Dragon / (New) Mystery,Ascendant,6.11,10,38,42,44,32,36,192,No,
Hardin,The Coyote,Blue,Lance,Cav,Shadow Dragon / (New) Mystery,Five-star Regular,6.11,10,41,41,44,32,21,179,No,
Nyna,The Last Princess,Cless,Staff,Inf,Shadow Dragon / (New) Mystery,Demote Regular,6.11,10,40,34,41,23,38,176,No,
Elice,Altean Princess,Cless,Staff,Inf,Shadow Dragon / (New) Mystery,Demote Regular,6.11,10,40,41,35,27,34,177,No,
Matthis,Brother to Lena,Blue,Lance,Cav,Shadow Dragon / (New) Mystery,Grail,6.11,10,41,43,32,38,25,179,No,
Veronica,Princess Rising,Red,Tome,Cav,Heroes,Legendary,6.11,10,38,42,45,19,25,169,No,
Embla,God of Closure,Red,Beast,Flyer,Heroes,Mythic,6.11,10,41,43,44,31,24,183,No,
Seidr,Goddess of Hope,Green,Tome,Cav,Heroes,Mythic,7,10,39,43,30,17,40,169,No,
Ophelia,Starlit Maiden,Red,Tome,Inf,Fates,Rearmed,7,10,39,44,36,25,32,176,No,
Caeldori,Perfect Angel,Blue,Lance,Flyer,Fates,Five-star Regular,7,10,39,40,44,30,31,184,No,
Kiragi,Upbeat Archer,Cless,Bow,Inf,Fates,Demote Regular,7,10,40,38,43,37,23,181,No,
Dwyer,Sleepy Butler,Cless,Staff,Inf,Fates,Demote Regular,7,10,40,37,35,25,39,176,No,
Hans,Ambitious Brute,Green,Axe,Inf,Fates,Grail,7,10,46,45,39,35,21,186,No,
Cordelia,Unyielding Snow,Blue,Lance,Flyer,Awakening,Harmonic,7,10,40,44,43,33,23,183,No,Fates
Dorothea,Yuletide Dancer,Red,Tome,Cav,Three Houses,Seasonal,7,10,36,41,41,16,25,159,Yes,
Annette,Festive Helper,Cless,Bow,Armor,Three Houses,Demote Seasonal,7,10,43,43,23,40,41,190,No,
Black Knight,The Night's Blade,Green,Axe,Armor,Path of Radiance,Seasonal,7,10,43,44,44,35,30,196,No,
Bruno,Masked Reveler,Green,Tome,Armor,Heroes,Grail,7,10,43,41,38,29,34,185,No,
Shez,Sharpest Blades,Blue,Dagger,Inf,Three Houses,Legendary,7,10,40,43,44,31,25,183,No,
Askr,Renewed Gods,Cless,Tome,Inf,Heroes,Duo,7,10,40,42,16,42,37,177,No,
Ash,Earnest Greetings,Blue,Beast,Inf,Heroes,Seasonal,7,10,41,44,19,44,40,188,No,
Elm,Resolute Grouch,Green,Beast,Flyer,Heroes,Seasonal,7,10,41,40,45,27,31,184,No,
Panne,Welcoming Dawn,Red,Beast,Cav,Awakening,Demote Seasonal,7,10,40,41,44,32,21,178,No,
Yarne,Hoppy New Year,Blue,Beast,Cav,Awakening,Grail,7,10,40,43,40,35,21,179,No,
Linde,Bound by Fate,Red,Tome,Cav,Shadow Dragon / (New) Mystery,Harmonic,7.01,10,37,44,45,16,27,169,No,Thracia 776
Nino,Spirited Sorcerer,Red,Tome,Inf,Blazing Blade,Seasonal,7.01,10,38,41,46,20,32,177,No,
Ursula,Royal-Blue Crow,Green,Tome,Cav,Blazing Blade,Seasonal,7.01,10,40,42,46,18,22,168,No,
Byleth,Fount of Learning,Blue,Tome,Inf,Three Houses,Demote Seasonal,7.01,10,40,42,44,25,26,177,No,
Soren,Wind of Tradition,Blue,Tome,Inf,Radiant Dawn,Grail,7.01,10,38,43,34,18,45,178,No,
Alear,Dragon Child,Red,Sword,Inf,Engage,Five-star Regular,7.01,10,40,43,46,32,26,187,No,
Alfred,Floral Protector,Blue,Lance,Cav,Engage,Rearmed,7.01,10,40,45,25,43,27,180,No,
Chloe,Fairy-Tale Flier,Blue,Lance,Flyer,Engage,Five-star Regular,7.01,10,36,38,40,28,42,184,No,
Celine,Joyous Royal,Green,Tome,Inf,Engage,Five-star Regular,7.01,10,37,41,44,17,38,177,No,
Etie,Fitness Fighter,Cless,Bow,Inf,Engage,Demote Regular,7.01,10,40,45,40,30,28,183,No,
Lumera,Dragon Monarch,Red,Sword,Inf,Engage,Grail,7.01,10,43,43,43,33,25,187,No,
Fomortiis,Demon King,Cless,Beast,Armor,Sacred Stones,Mythic,7.01,10,46,44,15,46,44,195,No,
Gotoh,White Sage,Cless,Tome,Inf,Shadow Dragon / (New) Mystery,Mythic,7.01,10,40,42,14,38,42,176,No,
Elise,Sweetheart Royals,Cless,Staff,Cav,Fates,Duo,7.02,10,37,43,46,16,27,169,No,
Takumi,Troubled Heart,Blue,Tome,Armor,Fates,Seasonal,7.02,10,40,40,46,28,31,185,No,
Leo,Shrouded Heart,Green,Bow,Cav,Fates,Seasonal,7.02,10,37,45,31,16,45,174,No,
Hana,Striving Heart,Red,Sword,Armor,Fates,Demote Seasonal,7.02,10,40,42,46,41,27,196,No,
Effie,Dedicated Heart,Green,Axe,Inf,Fates,Grail,7.02,10,43,46,43,32,23,187,No,
Elincia,Devoted Queen,Cless,Staff,Flyer,Radiant Dawn,Ascendant,7.02,10,38,44,45,18,28,173,No,
Lucia,Tireless Advisor,Red,Sword,Inf,Radiant Dawn,Five-star Regular,7.02,10,40,41,45,29,32,187,No,
Geoffrey,Realm's Protector,Blue,Lance,Cav,Radiant Dawn,Five-star Regular,7.02,10,40,46,40,29,25,180,No,
Bastian,Crimea's Keystone,Green,Tome,Inf,Radiant Dawn,Demote Regular,7.02,10,40,44,28,20,45,177,No,
Ludveck,Rebellious Duke,Green,Axe,Armor,Radiant Dawn,Grail,7.02,10,46,44,32,45,28,195,No,
Robin,Exalt's Other Half,Green,Tome,Inf,Awakening,Legendary,7.02,10,40,45,30,31,31,177,No,
Karla,Spring Reveries,Green,Axe,Cav,Blazing Blade,Harmonic,7.03,10,40,45,47,24,22,178,No,Heroes
Triandra,Sunlit Nightmare,Cless,Tome,Flyer,Heroes,Seasonal,7.03,10,37,43,46,18,18,162,Yes,
Bernadetta,Late Hibernator,Blue,Bow,Cav,Three Houses,Seasonal,7.03,10,39,43,47,20,25,174,No,
Ashe,Budding Chivalry,Red,Dagger,Flyer,Three Houses,Demote Seasonal,7.03,10,40,43,46,32,17,178,No,
Michalis,Fruiting Ambition,Blue,Lance,Flyer,Shadow Dragon / (New) Mystery,Grail,7.03,10,43,45,32,47,17,184,No,
Tana,Soaring Princess,Cless,Bow,Flyer,Sacred Stones,Rearmed,7.03,10,40,45,47,22,23,177,No,
Syrene,Graceful Rider,Red,Sword,Flyer,Sacred Stones,Five-star Regular,7.03,10,37,39,45,21,41,183,No,
Gilliam,Wall of Silence,Blue,Lance,Armor,Sacred Stones,Five-star Regular,7.03,10,47,44,21,48,35,195,No,
Vanessa,Dutiful Rider,Blue,Lance,Flyer,Sacred Stones,Demote Regular,7.03,10,39,40,43,27,34,183,No,
Vigarde,Silent Emperor,Blue,Lance,Armor,Sacred Stones,Grail,7.03,10,46,47,30,44,29,196,No,
Yuri,Underground Lord,Red,Dagger,Inf,Three Houses,Legendary,7.03,10,41,44,47,24,26,182,No,
Mark,Winds of Hope,Blue,Tome,Inf,Blazing Blade,Duo,7.04,10,40,44,27,20,46,177,No,
Eliwood,Pledged Friend,Red,Sword,Cav,Blazing Blade,Seasonal,7.04,10,39,45,46,29,20,179,No,
Hector,Sworn Friend,Green,Axe,Armor,Blazing Blade,Seasonal,7.04,10,47,45,16,47,41,196,No,
Rebecca,Breezy Scamp,Cless,Bow,Inf,Blazing Blade,Demote Seasonal,7.04,10,39,44,45,22,33,183,No,
Lucius,Calming Light,Cless,Staff,Inf,Blazing Blade,Grail,7.04,10,38,45,31,17,47,178,No,
Ingrid,Beacon of Honor,Blue,Lance,Flyer,Three Houses,Rearmed,7.04,10,38,44,47,30,25,184,No,
Felix,Lone-Wolf Blade,Red,Sword,Inf,Three Houses,Five-star Regular,7.04,10,40,46,46,31,25,188,No,
Rhea,Loving Matriarch,Cless,Dragon,Inf,Three Houses,Five-star Regular,7.04,10,40,44,16,42,46,188,No,
Sylvain,Consummate Flirt,Green,Axe,Cav,Three Houses,Demote Regular,7.04,10,40,44,35,37,23,179,No,
Cornelia,Saint Consumed,Cless,Staff,Inf,Three Houses,Grail,7.04,10,42,46,23,26,40,177,No,
Nerthuz,God of the Land,Blue,Beast,Cav,Heroes,Mythic,7.04,10,40,42,47,30,20,179,No,
Anankos,Seething Silence,Blue,Dragon,Armor,Fates,Five-star Regular,7.05,10,42,43,44,36,31,196,No,
Chrom,Fell Exalt,Red,Sword,Cav,Awakening,Rearmed,7.05,10,41,45,46,29,18,179,No,
Maria,Ritual Sacrifice,Cless,Staff,Inf,Shadow Dragon / (New) Mystery,Five-star Regular,7.05,10,37,44,45,16,35,177,No,
Byleth,Vengeance Vessel,Red,Sword,Inf,Three Houses,Five-star Regular,7.05,10,40,44,47,32,25,188,No,
Linus,Savage Dog,Green,Axe,Inf,Blazing Blade,Grail,7.05,10,42,46,43,36,20,187,No,
Tiki,Bridal Reflections,Cless,Dragon,Armor,Awakening,Harmonic,7.05,10,42,42,26,40,45,195,No,Shadow Dragon / (New) Mystery
Anna,Secret Charmer,Green,Bow,Cav,Awakening,Seasonal,7.05,10,38,43,46,22,25,174,No,
Say'ri,Righteous Bride,Blue,Lance,Flyer,Awakening,Seasonal,7.05,10,40,44,46,28,26,184,No,
Flavia,Bold Bride,Red,Sword,Cav,Awakening,Demote Seasonal,7.05,10,41,44,45,31,18,179,No,
Robin,Keen Groom,Red,Tome,Cav,Awakening,Grail,7.05,10,40,46,35,23,24,168,No,
Hinoka,Thundering Wings,Red,Bow,Flyer,Fates,Legendary,7.05,10,40,46,46,23,22,177,No,
Heidr,Innocent Goddess,Green,Tome,Inf,Heroes,Mythic,7.06,10,38,45,45,29,20,177,No,
Murdock,Loyal General,Green,Axe,Armor,Binding Blade,Grail,7.06,10,47,45,23,45,35,195,No,
Saul,Loving Shepherd,Cless,Staff,Inf,Binding Blade,Demote Regular,7.06,10,37,40,44,16,40,177,No,
Dorothy,Devoted Archer,Cless,Bow,Inf,Binding Blade,Demote Regular,7.06,10,40,46,43,25,28,182,No,
Noah,Mercenary-Errant,Blue,Lance,Cav,Binding Blade,Five-star Regular,7.06,10,40,45,45,31,18,179,No,
Fir,Swordmaiden,Red,Sword,Inf,Binding Blade,Ascendant,7.06,10,42,44,46,34,21,187,No,
Ephraim,Sunshine Valiant,Green,Axe,Cav,Sacred Stones,Seasonal,7.06,10,41,47,16,44,31,179,No,
L'Arachel,Summer Princess,Cless,Staff,Flyer,Sacred Stones,Demote Seasonal,7.06,10,37,46,44,16,30,173,No,
Shamir,Heartbeats United,Blue,Bow,Cav,Three Houses,Duo,7.06,10,40,43,46,25,20,174,No,
Shez,Mercenary Shade,Blue,Lance,Flyer,Three Houses,Grail,7.06,10,41,44,44,31,23,183,No,
Shez,Mercenary Shine,Red,Sword,Cav,Three Houses,Seasonal,7.06,10,40,46,45,30,18,179,No,
Guinivere,Queen of Bern,Cless,Tome,Inf,Binding Blade,Legendary,7.06,10,37,39,45,16,40,177,No,
Fjorm,Seaside Thaw,Red,Sword,Inf,Heroes,Seasonal,7.07,10,43,43,46,28,28,188,No,
Ymir,Seasons of Life,Cless,Tome,Inf,Heroes,Duo,7.07,10,38,45,18,35,41,177,No,
Donnel,Sunny Villager,Green,Axe,Inf,Awakening,Grail,7.07,10,46,45,31,40,30,192,No,
Tharja,Beach Dark Mage,Blue,Tome,Cav,Awakening,Demote Seasonal,7.07,10,40,45,44,19,20,168,No,
Ivy,Tidal Breeze,Green,Tome,Flyer,Engage,Seasonal,7.07,10,38,46,25,20,44,173,No,
Eitr,Hand of Nothing,Blue,Beast,Cav,Heroes,Rearmed,7.07,10,40,44,46,33,16,179,No,
Alear,Dragon Youth,Red,Sword,Inf,Engage,Five-star Regular,7.07,10,40,44,45,33,25,187,No,
Diamant,Rising Power,Red,Sword,Inf,Engage,Five-star Regular,7.07,10,41,46,36,43,21,187,No,
Alcryst,Tender Archer,Cless,Bow,Inf,Engage,Rearmed,7.07,10,39,43,46,30,24,182,No,
Lapis,Mighty Flower,Red,Sword,Inf,Engage,Demote Regular,7.07,10,41,41,45,29,32,188,No,
Citrinne,Caring Noble,Green,Tome,Inf,Engage,Five-star Regular,7.07,10,38,46,27,22,44,177,No,
Zephia,Scheming Dragon,Red,Tome,Flyer,Engage,Grail,7.07,10,41,40,44,23,24,172,No,
Freyr,Dream-King,Blue,Beast,Cav,Heroes,Mythic,7.07,10,41,46,16,41,35,179,No,
Sigurd,Proper Pourer,Blue,Tome,Cav,Genealogy of the Holy War,Seasonal,7.08,10,40,46,31,35,16,168,No,
Tailtiu,Teatime Mingler,Green,Tome,Inf,Genealogy of the Holy War,Grail,7.08,10,39,42,44,21,31,177,No,
Ayra,Together in Tea,Red,Sword,Cav,Genealogy of the Holy War,Harmonic,7.08,10,40,44,46,32,17,179,No,Three Houses
Ferdinand,Highborn Sipper,Green,Tome,Flyer,Three Houses,Demote Seasonal,7.08,10,40,42,45,21,25,173,No,
Lysithea,Tea Sweetener,Cless,Tome,Flyer,Three Houses,Seasonal,7.08,10,38,46,46,20,22,172,No,
Gullveig,Seer Beyond Time,Blue,Tome,Flyer,Heroes,Brave,7.08,5,40,45,47,27,19,178,No,
Soren,Radiant Confidant,Green,Tome,Inf,Radiant Dawn,Brave,7.08,5,40,45,34,16,47,182,No,
Robin,Exalt's Deliverer,Red,Sword,Inf,Awakening,Brave,7.08,5,40,46,45,35,27,193,No,
Corrin,Silent Bloodline,Cless,Dragon,Armor,Fates,Brave,7.08,5,42,40,46,37,40,205,No,
Cyril,Rhea's Attendant,Red,Bow,Inf,Three Houses,Grail,7.08,5,46,42,44,35,26,193,No,
Alear,Awoken Divinity,Green,Dragon,Inf,Engage,Legendary,7.08,5,40,41,47,33,37,198,No,
Dagr,Bluster Princess,Red,Sword,Cav,Heroes,Seasonal,7.09,5,41,45,46,30,22,184,No,
Catria,Windswept Knight,Blue,Bow,Flyer,Shadow Dragon / (New) Mystery,Demote Seasonal,7.09,5,39,45,45,25,30,184,No,
Kagero,Bond Unwavering,Cless,Dagger,Cav,Fates,Duo,7.09,5,43,47,45,20,23,178,No,
Claude,Golden Breeze,Green,Dagger,Flyer,Three Houses,Seasonal,7.09,5,42,44,47,24,26,183,No,
Fuga,Force of Gales,Green,Axe,Inf,Fates,Grail,7.09,5,42,46,30,45,30,193,No,
Plumeria,Rapturous Dream,Blue,Tome,Flyer,Heroes,Rearmed,7.09,5,40,46,18,19,45,168,Yes,
Febail,Mercenary Waif,Blue,Bow,Inf,Genealogy of the Holy War,Five-star Regular,7.09,5,40,46,45,26,31,188,No,
Patty,Youthful Thief,Cless,Dagger,Inf,Genealogy of the Holy War,Five-star Regular,7.09,5,40,41,45,37,24,187,No,
Ced,Sage of the Wind,Green,Tome,Inf,Genealogy of the Holy War,Ascendant,7.09,5,43,45,46,22,26,182,No,Thracia 776
Fee,Aspiring Knight,Red,Sword,Flyer,Genealogy of the Holy War,Five-star Regular,7.09,5,37,40,45,26,40,188,No,
Arion,Gungnir's Heir,Blue,Lance,Flyer,Genealogy of the Holy War,Grail,7.09,5,41,45,36,46,21,189,No,
Elincia,Undaunted Queen,Red,Sword,Flyer,Radiant Dawn,Legendary,7.09,5,40,45,47,23,34,189,No,
Flayn,Silly Kitty-Cat,Cless,Staff,Cav,Three Houses,Seasonal,7.1,5,38,46,26,18,46,174,No,
Timerra,Trick or Meat,Blue,Lance,Inf,Engage,Seasonal,7.1,5,37,41,46,46,23,193,No,
Anna,Twice the Anna,Green,Axe,Flyer,Engage,Harmonic,7.1,5,40,44,47,31,27,189,No,Awakening
Seadall,Misfortune-Teller,Red,Tome,Inf,Engage,Demote Seasonal,7.1,5,40,40,46,21,25,172,Yes,
Kellam,Pumpkin Knight,Red,Sword,Armor,Awakening,Grail,7.1,5,48,46,31,48,27,200,No,
Peony,Cherished Dream,Green,Axe,Flyer,Heroes,Attuned,7.1,5,40,40,45,25,29,179,Yes,
Triandra,Reverent Dream,Red,Sword,Flyer,Heroes,Attuned,7.1,5,39,44,46,27,22,178,Yes,
Sonya,Beautiful Mage,Green,Tome,Inf,Echoes: Shadows of Valentia,Rearmed,7.1,5,38,47,32,20,45,182,No,
Mycen,Zofia's Champion,Blue,Lance,Cav,Echoes: Shadows of Valentia,Five-star Regular,7.1,5,40,46,16,45,37,184,No,
Hestia,Duma's Witch,Blue,Tome,Inf,Echoes: Shadows of Valentia,Demote Regular,7.1,5,40,45,31,23,43,182,No,
Marla,Duma's Witch,Red,Tome,Inf,Echoes: Shadows of Valentia,Grail,7.1,5,38,46,33,20,45,182,No,
